"variable","variable_lower","r_class","storage_type","stata_format","variable_label","value_labels","n_rows","n_missing","n_blank_or_missing","n_unique_nonmissing","observed_values_sample","min_observed","max_observed","pii_restricted","control_excluded","sample_restricted"
"interview__key","interview__key","character","character","%9s","Interview key (identifier in XX-XX-XX-XX format)","[REDACTED]",862,0,0,862,"[REDACTED]",,,TRUE,FALSE,TRUE
"interview__id","interview__id","character","character","%9s","Unique 32-character long identifier of the interview","[REDACTED]",862,0,0,862,"[REDACTED]",,,TRUE,FALSE,TRUE
"cover_id","cover_id","character","character","%9s","Identifiant","[REDACTED]",862,0,0,802,"[REDACTED]",,,TRUE,TRUE,TRUE
"cover_district","cover_district","character","character","%9s","District","",862,0,0,4,"[REDACTED]",,,FALSE,FALSE,TRUE
"cover_region","cover_region","character","character","%9s","Région","",862,0,0,10,"[REDACTED]",,,FALSE,FALSE,TRUE
"localite","localite","character","character","%9s","Localité","",862,0,0,96,"[REDACTED]",,,FALSE,FALSE,TRUE
"nom","nom","character","character","%9s","Nom","[REDACTED]",862,0,0,802,"[REDACTED]",,,TRUE,TRUE,TRUE
"telephone","telephone","character","character","%9s","Téléphone","[REDACTED]",862,0,0,840,"[REDACTED]",,,TRUE,TRUE,TRUE
"nom_sup","nom_sup","haven_labelled|vctrs_vctr|double","double","%6.0f","Nom du superviseur","[REDACTED]",862,179,179,2,"[REDACTED]",,,TRUE,FALSE,TRUE
"nom_agent","nom_agent","haven_labelled|vctrs_vctr|double","double","%6.0f","Nom de l'agent","[REDACTED]",862,209,209,33,"[REDACTED]",,,TRUE,FALSE,TRUE
"HHA_debut","hha_debut","character","character","%9s","HHA_debut. Heure de début","",862,0,0,679,"[REDACTED]",,,FALSE,FALSE,TRUE
"A1","a1","haven_labelled|vctrs_vctr|double","double","%6.0f","A1. Numéro de la tentative d’appel en cours","1:Première tentative|2:Deuxième tentative|3:Troisième tentative ou plus",862,204,204,3,"1|3|2",1,3,FALSE,FALSE,FALSE
"A2_date","a2_date","character","character","%9s","A2. Date de l'appel","",862,0,183,11,"[REDACTED]",,,FALSE,FALSE,TRUE
"A2_heure","a2_heure","character","character","%9s","A2. Heure de l'appel","",862,0,183,468,"[REDACTED]",,,FALSE,FALSE,TRUE
"A4","a4","haven_labelled|vctrs_vctr|double","double","%6.0f","A4. Résultat de cette tentative d’appel","1:Entretien réalisé (compléter le questionnaire)|2:Pas de réponse|3:Numéro invalide ou incorrect|4:Ligne occupée|5:Rendez-vous fixé pour un rappel|6:Le répondant a refusé de participer|7:Le répondant a raccroché / appel interrompu en cours d’entretien|8:Autre (préciser)",862,253,253,7,"1|8|3|2|4|5|6",1,8,FALSE,FALSE,FALSE
"A4X","a4x","character","character","%9s","A4X. Préciser l'autre résultat de la tentative","",862,0,804,15,"[REDACTED]",,,FALSE,FALSE,TRUE
"A5_date","a5_date","character","character","%9s","A5. Indiquez la date prévue pour la prochaine tentative","",862,0,856,4,"[REDACTED]",,,FALSE,FALSE,TRUE
"A5_heure","a5_heure","character","character","%9s","A5. Indiquez l’heure prévues pour la prochaine tentative","",862,0,856,5,"[REDACTED]",,,FALSE,FALSE,TRUE
"HHA_fin","hha_fin","character","character","%9s","HHA_fin.Heure de fin","",862,0,183,607,"[REDACTED]",,,FALSE,FALSE,TRUE
"HHB_debut","hhb_debut","character","character","%9s","HHB_debut. Heure de début","",862,0,0,565,"[REDACTED]",,,FALSE,FALSE,TRUE
"B1","b1","haven_labelled|vctrs_vctr|double","double","%6.0f","B1. District","105:	DENGUELE|111:	SAVANES|113:	WOROBA|114:	ZANZAN",862,324,324,4,"111|114|113|105",105,114,FALSE,FALSE,FALSE
"B2","b2","haven_labelled|vctrs_vctr|double","double","%6.0f","B2. Region","10510:KABADOUGOU|10524:FOLON|11103:PORO|11120:BAGOUE|11132:TCHOLOGO|11314:WORODOUGOU|11319:BAFING|11322:BERE|11408:GONTOUGO|11423:BOUNKANI",862,325,325,10,"11103|11408|11120|11423|11132|11322|10510|11314|10524|11319",10510,11423,FALSE,FALSE,FALSE
"B3","b3","haven_labelled|vctrs_vctr|double","double","%6.0f","B3. Departement","10510034: ODIENNE|10510067: MADINANI|10510088: SAMATIGUILA|10510100: GBELEBAN|10510105: SEGUELON|10524068: MINIGNAN|10524081: KANIASSO|11103029: KORHOGO|11103075: DIKODOUGOU|11103090: SINEMATIALI|11103103: M'BENGUE|11120015: BOUNDIALI|11120044: TENGRELA|11120083: KOUTO|11132023: FERKESSEDOUGOU|11132086: OUANGOLODOUGOU|11132101: KONG|11314039: SEGUELA|11314080: KANI|11319046: TOUBA|11319082: KORO|11319087: OUANINOU|11322032: MANKONO|11322069: KOUNAHIRI|11322097: DIANRA|11408010: BONDOUKOU|11408043: TANDA|11408070: KOUN-FAO|11408089: SANDEGUE|11408093: TRANSUA|11423014: BOUNA|11423063: NASSIAN|11423076: DOROPO|11423091: TEHINI",862,346,346,28,"11103103|11408010|11103075|11120015|11423076|11120083|11103090|11132101|11322069|11423063|11103029|10510034|11322032|10510100|11132023|11314039|11408093|11132086|10524068|11314080|10510105|11319046|11423014|11408070|11319082|11322097|11319087|11408043",10510034,11423076,FALSE,FALSE,FALSE
"B4","b4","haven_labelled|vctrs_vctr|double","double","%6.0f","B4.Sous-prefecture/Commune","1051003401: BAKO|1051003402: BOUGOUSSO|1051003403: DIOULATIEDOUGOU|1051003404: ODIENNE|1051003405: TIEME|1051006701: FENGOLO|1051006702: MADINANI|1051006703: N'GOLOBLASSO|1051008801: KIMBIRILA-SUD|1051008802: SAMATIGUILA|1051010001: GBELEBAN|1051010002: SEYDOUGOU|1051010003: SAMANGO|1051010501: GBONGAHA|1051010502: SEGUELON|1052406801: KIMBIRILA-NORD|1052406802: MINIGNAN|1052406803: SOKORO|1052406804: TIENKO|1052408101: GOULIA|1052408102: KANIASSO|1052408103: MAHANDIANA-SOKOURANI|1110302901: DASSOUNGBOHO|1110302902: KANOROBA|1110302903: KARAKORO|1110302904: KIEMOU|1110302905: KONI|1110302906: KORHOGO|1110302907: KOMBOLOKOURA|1110302908: KOMBORODOUGOU|1110302909: LATAHA|1110302910: NAFOUN|1110302911: NAPIE|1110302912: N'GANON|1110302913: NIOFOIN|1110302914: SIRASSO|1110302915: SOHOUO|1110302916: TIORONIARADOUGOU|1110307501: BORON|1110307502: DIKODOUGOU|1110307503: GUIEMBE|1110309001: BAHOUAKAHA|1110309002: KAGBOLODOUGOU|1110309003: SEDIOGO|1110309004: SINEMATIALI|1110310301: BOUGOU|1110310302: KATIALI|1110310303: KATOGO|1110310304: M'BENGUE|1112001501: BAYA|1112001502: BOUNDIALI|1112001503: GANAONI|1112001504: KASSERE|1112001505: SIEMPURGO|1112004401: DEBETE|1112004402: KANAKONO|1112004403: PAPARA|1112004404: TENGRELA|1112008301: BLESSEGUE|1112008302: GBON|1112008303: KOLIA|1112008304: KOUTO|1112008305: SIANHALA|1113202301: FERKESSEDOUGOU|1113202302: KOUMBALA|1113202303: TOGONIERE|1113208601: DIAWALA|1113208602: KAOUARA|1113208603: NIELLE|1113208604: OUANGOLODOUGOU|1113208605: TOUMOUKORO|1113210101: BILIMONO|1113210102: KONG|1113210103: NAFANA(DE KONG)|1113210104: SIKOLO|1131403901: BOBI|1131403902: DIARABANA|1131403903: DUALLA|1131403904: KAMALO|1131403905: MASSALA|1131403906: SEGUELA|1131403907: SIFIE|1131403908: WOROFLA|1131408001: DJIBROSSO|1131408002: FADIADOUGOU|1131408003: KANI|1131408004: MORONDO|1131904601: DIOMAN|1131904602: FOUNGBESSO|1131904603: GUINTEGUELA|1131904604: TOUBA|1131908201: BOOKO|1131908202: BOROTOU|1131908203: KORO|1131908204: MAHANDOUGOU|1131908205: NIOKOSSO|1131908701: GBELO|1131908702: GOUEKAN|1131908703: KOONAN|1131908704: OUANINOU|1131908705: SABOUDOUGOU|1131908706: SANTA (DE OUANINOU)|1132203201: BOUANDOUGOU|1132203202: MANKONO|1132203203: MARHANDALLAH|1132203204: SARHALA|1132203205: TIENINGBOUE|1132206901: KONGASSO|1132206902: KOUNAHIRI|1132209701: DIANRA|1132209702: DIANRA VILLAGE|1140801001: APPIMANDOUM|1140801002: PINDA-BOROKO|1140801003: BONDO|1140801004: BONDOUKOU|1140801005: GOUMERE|1140801006: LAOUDI BA|1140801007: SAPLI-SEPINGO|1140801008: SOROBANGO|1140801009: TABAGNE|1140801010: TAGADI|1140801011: TAOUDI|1140801012: YEZIMALA|1140804301: AMANVI|1140804302: DIAMBA|1140804303: TANDA|1140804304: TIEDIO|1140807001: BOAHIA|1140807002: KOKOMIAN|1140807003: KOUASSI-DATEKRO|1140807004: KOUN-FAO|1140807005: TANKESSE|1140807006: TIENKOIKRO|1140808901: BANDAKAGNI-TOMORA|1140808902: DIMANDOUGOU|1140808903: SANDEGUE|1140808904: YOROBODI|1140809301: ASSUEFRY|1140809302: KOUASSIA-NIAGUINI|1140809303: TRANSUA|1142301401: BOUKO|1142301402: BOUNA|1142301403: ONDEFIDOUO|1142301404: YOUNDOUO|1142306301: BOGOFA|1142306302: KOTOUBA|1142306303: KAKPIN|1142306304: NASSIAN|1142306305: SOMINASSE|1142307601: DANOA|1142307602: DOROPO|1142307603: KALAMON|1142307604: NIAMOUE|1142309101: GOGO|1142309102: TEHINI|1142309103: TOUGBO",862,349,349,64,"1110310304|1140801001|1140801008|1110307503|1112001502|1110310303|1142307602|1140801002|1112008302|1110309004|1113210102|1132206901|1110309002|1142306304|1110302901|1051003404|1132203204|1112008303|1051010001|1113202301|1131403907|1140801004|1132203202|1140809301|1142307603|1113208602|1112008301|1110309001|1132203203|1132206902|1110302906|1052406802|1113208604|1110302903|1110302912|1131408003|1113202302|1110302908|1051010502|1131904604",1051003404,1142307603,FALSE,FALSE,FALSE
"B5","b5","haven_labelled|vctrs_vctr|double","double","%6.0f","B5. Milieu de residence","1:Urbain|2:Rural",862,330,330,2,"2|1",1,2,FALSE,FALSE,FALSE
"B6","b6","haven_labelled|vctrs_vctr|double","double","%6.0f","B6. Bonjour, Je m'appelle %nom_agent% et je vous appelle dans le cadre d'une étu","1:Oui|2:Non",862,354,354,2,"1|2",1,2,FALSE,FALSE,FALSE
"B6A","b6a","haven_labelled|vctrs_vctr|double","double","%6.0f","B6A. Puis-je parler à %nom% ?","1:Oui|2:Non",862,847,847,2,"2|1",1,2,FALSE,FALSE,FALSE
"B6B","b6b","haven_labelled|vctrs_vctr|double","double","%6.0f","B6B. Ce n’est peut-être pas le bon moment pour parler à %nom%. Puis-je rappeler","1:Oui|2:Non",862,849,849,1,"2",2,2,FALSE,FALSE,FALSE
"B6C","b6c","character","character","%9s","B6C. Veuillez indiquer la date  et l'heure souhaitées pour le rappel ?","",862,0,862,1,"[REDACTED]",,,FALSE,FALSE,TRUE
"B6D","b6d","haven_labelled|vctrs_vctr|double","double","%6.0f","B6D. L'Agence Nationale de Statistique (Anstat), en partenariat avec la Banque M","1:Oui|2:Non",862,371,371,2,"1|2",1,2,FALSE,FALSE,FALSE
"B6E","b6e","haven_labelled|vctrs_vctr|double","double","%6.0f","B6E.  Ce n’est peut-être pas le bon moment. Puis-je rappeler à un moment qui vou","1:Oui|2:Non",862,860,860,1,"2",2,2,FALSE,FALSE,FALSE
"B6F","b6f","character","character","%9s","B6F. Veuillez indiquer la date  et l'heure souhaitées pour le rappel ?","",862,0,862,1,"[REDACTED]",,,FALSE,FALSE,TRUE
"consentement","consentement","numeric","double","%6.2f","consentement","",862,296,296,2,"1|0",0,1,FALSE,FALSE,FALSE
"B7","b7","character","character","%9s","B7. Veuillez donner votre nom complet svp","[REDACTED]",862,0,311,469,"[REDACTED]",,,TRUE,TRUE,TRUE
"HHB_fin","hhb_fin","character","character","%9s","HHB_fin. Heure de fin","",862,0,298,503,"[REDACTED]",,,FALSE,FALSE,TRUE
"HHC_debut","hhc_debut","character","character","%9s","HHC_debut. Heure de début","",862,0,375,479,"[REDACTED]",,,FALSE,FALSE,TRUE
"C1","c1","haven_labelled|vctrs_vctr|double","double","%6.0f","C1. Quel est votre sexe?","1:Homme|2:Femme",862,391,391,2,"1|2",1,2,FALSE,FALSE,FALSE
"C2A_Jour","c2a_jour","haven_labelled|vctrs_vctr|double","double","%6.0f","C2A_Jour. Quel est votre jour de naissance ?","98:Ne sait pas",862,395,395,32,"98|31|4|2|28|17|16|18|9|12|13|30|15|19|1|8|29|7|22|27|6|25|10|23|5|20|26|24|3|21|11|14",1,98,FALSE,FALSE,FALSE
"C2A_Mois","c2a_mois","haven_labelled|vctrs_vctr|double","double","%6.0f","C2A_Mois. Quel est votre mois de naissance ?","98:Ne sait pas",862,395,395,13,"98|12|4|2|9|11|3|1|6|8|7|10|5",1,98,FALSE,FALSE,FALSE
"C2A_annee","c2a_annee","haven_labelled|vctrs_vctr|double","double","%6.0f","C2A_année. Quel est votre année de naissance ?","9998:Ne sait  pas",862,396,396,28,"1992|2000|1988|9998|2006|1996|1986|1995|2002|2004|2003|1993|1982|2007|1990|1987|1994|1991|1997|2001|1999|2005|1989|1998|1985|1980|1981|2008",1980,9998,FALSE,FALSE,FALSE
"C2","c2","numeric","double","%6.0f","C2. Quel âge avez avez-vous révolu ?","",862,720,720,29,"29|36|33|40|42|28|37|30|20|35|23|26|21|45|32|19|39|60|27|41|52|22|31|25|38|17|24|18|34",17,60,FALSE,FALSE,FALSE
"C3","c3","haven_labelled|vctrs_vctr|double","double","%6.0f","C3. Quel est votre statut matrimonial actuel ?","1:Célibataire|2:Marié(e) monogame|3:Marié(e) polygame|4:Union libre/Concubinage|5:Divorcé(e)|6:Veuf(ve)",862,399,399,6,"3|4|2|1|5|6",1,6,FALSE,FALSE,FALSE
"C4","c4","haven_labelled|vctrs_vctr|double","double","%6.0f","C4. Quel est le niveau d'etude le plus élévé que vous avez atteint?","0:Aucun niveau|1:Préscolaire|2:Primaire|3:Secondaire général cycle I|4:Secondaire technique/professionnel cycle I|5:Secondaire général cycle II|6:Secondaire technique/professionnel cycle II|7:Supérieur cycle court (BAC+ 1; BP; BTS1; BAC+2; BTS2; DUT)|8:Licence|9:Maitrise/ Master 1|10:Master 2/DEA/DESS|11:Doctorat|12:Post Doctorat",862,399,399,7,"0|3|2|5|7|8|1",0,8,FALSE,FALSE,FALSE
"C5","c5","haven_labelled|vctrs_vctr|double","double","%6.0f","C5. Quel est le diplôme le plus élevé obtenu ?","1:AUCUN|2:CEPE|3:BEPC/BEP/CAP|4:BAC/BT|5:BTS/DEUG 2|6:LICENCE/BACHELOR|7:MASTER/DESS|8:DOCTORATS",862,643,643,6,"3|2|1|4|6|5",1,6,FALSE,FALSE,FALSE
"C6","c6","haven_labelled|vctrs_vctr|double","double","%6.0f","C6. Savez-vous lire et écrire dans au moins une langue (français ou autre) ?","1:Oui|2:Non",862,517,517,2,"2|1",1,2,FALSE,FALSE,FALSE
"C7","c7","haven_labelled|vctrs_vctr|double","double","%6.0f","C7. Au cours des douzes derniers mois avez-vous effectue un deplacement d'une lo","1:Oui|2:Non",862,399,399,2,"2|1",1,2,FALSE,FALSE,FALSE
"C8","c8","haven_labelled|vctrs_vctr|double","double","%6.0f","C8. Où es ce que vous habitez avant de venir ou de vous installer dans cette loc","1:Côte d’Ivoire|2:Hors Côte d'Ivoire",862,819,819,2,"1|2",1,2,FALSE,FALSE,FALSE
"C9","c9","character","character","%9s","C9. Indiquer la localité/pays où vous étiez","",862,0,823,23,"[REDACTED]",,,FALSE,FALSE,TRUE
"C10","c10","character","character","%9s","C10. Indiquez la localité où vous vous êtes installé ?","",862,0,823,23,"[REDACTED]",,,FALSE,FALSE,TRUE
"C11","c11","character","character","%9s","C11. Indiquez le pays d'où vous venez","",862,0,858,4,"[REDACTED]",,,FALSE,FALSE,TRUE
"age","age","numeric","double","%6.2f","age","",862,396,396,32,"34|26|38|29|20|30|36|33|40|31|24|22|23|44|42|28|19|37|39|32|35|25|27|21|45|60|41|46|52|-7972|17|18",-7972,60,FALSE,FALSE,FALSE
"HHC_fin","hhc_fin","character","character","%9s","HHC_fin. Heure de fin","",862,0,385,464,"[REDACTED]",,,FALSE,FALSE,TRUE
"HHD_debut","hhd_debut","character","character","%9s","HHD_debut. Heure de début","",862,0,399,464,"[REDACTED]",,,FALSE,FALSE,TRUE
"D1","d1","numeric","double","%6.0f","D1. Combien de personnes vivent habituellement dans votre ménage ?","",862,402,402,28,"7|3|4|2|5|6|12|9|8|32|20|1|18|15|10|13|17|14|16|21|11|28|19|24|30|40|22|33",1,40,FALSE,FALSE,FALSE
"D2","d2","numeric","double","%6.0f","D2. Combien ont moins de 15 ans ?","",862,402,402,16,"5|1|4|2|0|3|12|6|7|10|8|11|15|9|13|25",0,25,FALSE,FALSE,FALSE
"D3","d3","haven_labelled|vctrs_vctr|double","double","%6.0f","D3. Quel est votre lien avec le chef de ménage ?","1:Chef de ménage|2:Conjoint du CM|3:Enfant du CM|4:Autre parent du CM|5:Sans lien de parenté avec le CM|6:Amis du CM|7:Autre à préciser",862,401,401,5,"1|2|4|3|5",1,5,FALSE,FALSE,FALSE
"D3X","d3x","character","character","%9s","D3X. Préciser l'autre lien de parenté avec le chef de ménage ?","",862,0,862,1,"[REDACTED]",,,FALSE,FALSE,TRUE
"D4","d4","numeric","double","%6.0f","D4. Combien de personnes du ménages exercent une activité renumérée","",862,402,402,15,"1|2|3|5|8|20|6|0|10|4|7|15|12|13|9",0,20,FALSE,FALSE,FALSE
"D5__1","d5__1","numeric","double","%6.0f","D5. Parmi les biens suivants,lesquels sont possédés par votre ménage et sont fon","",862,402,402,2,"1|0",0,1,FALSE,FALSE,FALSE
"D5__2","d5__2","numeric","double","%6.0f","D5. Parmi les biens suivants,lesquels sont possédés par votre ménage et sont fon","",862,402,402,2,"1|0",0,1,FALSE,FALSE,FALSE
"D5__3","d5__3","numeric","double","%6.0f","D5. Parmi les biens suivants,lesquels sont possédés par votre ménage et sont fon","",862,402,402,2,"1|0",0,1,FALSE,FALSE,FALSE
"D5__4","d5__4","numeric","double","%6.0f","D5. Parmi les biens suivants,lesquels sont possédés par votre ménage et sont fon","",862,402,402,2,"0|1",0,1,FALSE,FALSE,FALSE
"D5__5","d5__5","numeric","double","%6.0f","D5. Parmi les biens suivants,lesquels sont possédés par votre ménage et sont fon","",862,402,402,2,"0|1",0,1,FALSE,FALSE,FALSE
"D5__6","d5__6","numeric","double","%6.0f","D5. Parmi les biens suivants,lesquels sont possédés par votre ménage et sont fon","",862,402,402,2,"0|1",0,1,FALSE,FALSE,FALSE
"D5__7","d5__7","numeric","double","%6.0f","D5. Parmi les biens suivants,lesquels sont possédés par votre ménage et sont fon","",862,402,402,2,"0|1",0,1,FALSE,FALSE,FALSE
"D5__8","d5__8","numeric","double","%6.0f","D5. Parmi les biens suivants,lesquels sont possédés par votre ménage et sont fon","",862,402,402,2,"0|1",0,1,FALSE,FALSE,FALSE
"D5__9","d5__9","numeric","double","%6.0f","D5. Parmi les biens suivants,lesquels sont possédés par votre ménage et sont fon","",862,402,402,2,"0|1",0,1,FALSE,FALSE,FALSE
"D5__10","d5__10","numeric","double","%6.0f","D5. Parmi les biens suivants,lesquels sont possédés par votre ménage et sont fon","",862,402,402,2,"0|1",0,1,FALSE,FALSE,FALSE
"D5__11","d5__11","numeric","double","%6.0f","D5. Parmi les biens suivants,lesquels sont possédés par votre ménage et sont fon","",862,402,402,2,"0|1",0,1,FALSE,FALSE,FALSE
"HHD_fin","hhd_fin","character","character","%9s","HHD_fin. Heure de fin","",862,0,400,461,"[REDACTED]",,,FALSE,FALSE,TRUE
"HHE_debut","hhe_debut","character","character","%9s","HHE_debut. Heure de début","",862,0,401,462,"[REDACTED]",,,FALSE,FALSE,TRUE
"E1","e1","haven_labelled|vctrs_vctr|double","double","%6.0f","E1. Au cours des 7 derniers jours, avez-vous travaillé en échange d’un salaire,","1:Oui|2:Non",862,401,401,2,"1|2",1,2,FALSE,FALSE,FALSE
"E2","e2","haven_labelled|vctrs_vctr|double","double","%6.0f","E2. Disposez-vous d’un emploi ou d’une entreprise dont vous êtes temporairement","1:Oui|2:Non",862,772,772,2,"2|1",1,2,FALSE,FALSE,FALSE
"E3","e3","haven_labelled|vctrs_vctr|double","double","%6.0f","E3. Avez-vous aidé, sans rémunération directe, dans une entreprise ou une exploi","1:Oui|2:Non",862,803,803,2,"1|2",1,2,FALSE,FALSE,FALSE
"E3A","e3a","haven_labelled|vctrs_vctr|double","double","%6.0f","E3A. Les produits ou services de cette activité sont-ils destinés principalement","1:Principalement à la vente|2:Principalement à l'usage du ménage",862,826,826,2,"1|2",1,2,FALSE,FALSE,FALSE
"EMPLOYE","employe","numeric","double","%6.2f","EMPLOYE","",862,401,401,2,"1|0",0,1,FALSE,FALSE,FALSE
"HHE_fin","hhe_fin","character","character","%9s","HHE_fin. Heure de fin","",862,0,401,461,"[REDACTED]",,,FALSE,FALSE,TRUE
"HHF_debut","hhf_debut","character","character","%9s","HHF_debut. Heure de début","",862,0,437,425,"[REDACTED]",,,FALSE,FALSE,TRUE
"F1","f1","haven_labelled|vctrs_vctr|double","double","%6.0f","F1.	Quel est votre statut votre emploi ?","1:Salarié|2:Employeur (avec employés)|3:Travailleur indépendant / à compte propre (sans employés)|4:Membre de coopératives de producteurs|5:Travailleurs familiaux collaborant à l’entreprise familiale|7:Apprenti/Stagiaire|9:Autre (Précisez)",862,439,439,7,"5|3|1|7|2|9|4",1,9,FALSE,FALSE,FALSE
"F1X","f1x","character","character","%9s","F1X. Autre à préciser","",862,0,855,7,"[REDACTED]",,,FALSE,FALSE,TRUE
"F2","f2","haven_labelled|vctrs_vctr|double","double","%6.0f","F2. Quel est le secteur de votre activité principale ?","1:Agriculture, élevage, pêche, sylviculture|2:Industries extractives|3:Industrie manufacturière|4:Construction/BTP|5:Commerce de gros ou de détail|6:Transport, entreposage, logistique|7:Hébergement et restauration|8:Information, communication, services numériques|9:Activités financières et d’assurance|10:Administration publique|11:Éducation|12:Santé humaine et action sociale|13:Travail domestique chez un particulier|14:Autres services (réparation, services personnels, arts/spectacles)|99:Autre (préciser)",862,439,439,11,"1|14|5|99|6|4|7|3|12|9|8",1,99,FALSE,FALSE,FALSE
"F2X","f2x","character","character","%9s","F2X. Préciser l'autre secteur","",862,0,833,21,"[REDACTED]",,,FALSE,FALSE,TRUE
"F3","f3","haven_labelled|vctrs_vctr|double","double","%6.0f","F3. Où exercez-vous principalement ce travail ?","1:À domicile|2:Dans une structure attenante/proche du domicile|3:Au domicile de l’employeur|4:Lieu fixe hors domicile, en intérieur (bureau, magasin, usine)|5:Étal/emplacement fixe dans un espace public (stand de marché, kiosque, emplacement de vente autorisé)|6:Chantier de construction|7:Champ/exploitation agricole|8:Mobile/sans emplacement fixe (vente itinérante, porte-à-porte)|9:Autre (préciser)",862,439,439,9,"7|4|8|1|3|5|2|6|9",1,9,FALSE,FALSE,FALSE
"F3X","f3x","character","character","%9s","F3X. Préciser l'autre lieu d'exercice","",862,0,857,6,"[REDACTED]",,,FALSE,FALSE,TRUE
"F4","f4","haven_labelled|vctrs_vctr|double","double","%6.0f","F4. Depuis combien de temps travaillez-vous dans cet emploi/cette activité, sans","1:Moins de 6 mois|2:6 mois à moins d’un an|3:1 an à moins de 2 ans|4:2 ans à moins de 5 ans|5:5 ans ou plus",862,440,440,5,"5|3|4|2|1",1,5,FALSE,FALSE,FALSE
"HHF_fin","hhf_fin","character","character","%9s","HHF_fin. Heure de fin","",862,0,437,422,"[REDACTED]",,,FALSE,FALSE,TRUE
"HHG_debut","hhg_debut","character","character","%9s","HHG_debut. Heure de début","",862,0,437,424,"[REDACTED]",,,FALSE,FALSE,TRUE
"G1","g1","haven_labelled|vctrs_vctr|double","double","%6.0f","G1. Disposez-vous d’un contrat de travail ?","1:Oui, à durée indéterminée (CDI)|2:Oui, à durée déterminée (CDD)|3:Oui, consultance|4:Accord verbal seulement|5:Aucun accord",862,440,440,5,"5|4|1|2|3",1,5,FALSE,FALSE,FALSE
"G2","g2","haven_labelled|vctrs_vctr|double","double","%6.0f","G2. Bénéficiez-vous d’une couverture sociale liée à cet emploi ?","1:Oui|2:Non",862,440,440,2,"2|1",1,2,FALSE,FALSE,FALSE
"G3","g3","haven_labelled|vctrs_vctr|double","double","%6.2f","G3. Combien d’heures avez-vous travaillé dans cet emploi principal la semaine de","998:Ne sait pas",862,440,440,48,"40|66|60|10|54|30|8|72|50|20|32|48|44|90|42|70|16|56|24|105|78|45|84|21|35|36|7|55|11|12|998|9|52|14|102|0|15|25|1|77",0,998,FALSE,FALSE,FALSE
"G4","g4","haven_labelled|vctrs_vctr|double","double","%6.0f","G4. Est-ce le nombre d’heures que vous travaillez habituellement dans cet emploi","1:Oui|2:Non",862,440,440,2,"1|2",1,2,FALSE,FALSE,FALSE
"G4A","g4a","numeric","double","%6.0f","G4A. Si non, combien d'heures avez-vous effectivement travaillé ?","",862,856,856,6,"35|32|3|40|8|18",3,40,FALSE,FALSE,FALSE
"G5","g5","haven_labelled|vctrs_vctr|double","double","%6.0f","G5. Avez-vous un autre emploi ou une autre activité génératrice de revenus en pl","1:Oui|2:Non",862,440,440,2,"2|1",1,2,FALSE,FALSE,FALSE
"G5A","g5a","character","character","%9s","G5A. De quelle activité s'agit-il ?","",862,0,743,70,"[REDACTED]",,,FALSE,FALSE,TRUE
"G6","g6","numeric","double","%6.2f","G6. Combien d’heures par semaine consacrez-vous à cet/ces autre(s) emploi(s)/act","",862,743,743,32,"16|40|7|9|30|36|42|12|24|14|10|20|5|54|6|55|25|15|84|21|8|22|1|18|35|56|60|45|28|0|50|33",0,84,FALSE,FALSE,FALSE
"G7","g7","haven_labelled|vctrs_vctr|double","double","%6.0f","G7. En tenant compte de tout votre travail — cet emploi et tout autre — Au cours","1:Oui|2:Non",862,440,440,2,"1|2",1,2,FALSE,FALSE,FALSE
"G7A","g7a","haven_labelled|vctrs_vctr|double","double","%6.0f","G7A. Seriez-vous prêt à travailler plus d'heures au cours des deux prochaines se","1:Oui|2:Non",862,562,562,2,"1|2",1,2,FALSE,FALSE,FALSE
"HHG_fin","hhg_fin","character","character","%9s","HHG_fin. Heure de fin","",862,0,440,423,"[REDACTED]",,,FALSE,FALSE,TRUE
"HHH_debut","hhh_debut","character","character","%9s","HHH_debut. Heure de début","",862,0,437,424,"[REDACTED]",,,FALSE,FALSE,TRUE
"H1","h1","haven_labelled|vctrs_vctr|double","double","%6.0f","H1. Comment êtes-vous payé pour cet emploi ?","1:En espèces uniquement|2:En nature uniquement|3:Les deux",862,841,841,2,"2|1",1,2,FALSE,FALSE,FALSE
"H2","h2","haven_labelled|vctrs_vctr|double","double","%6.0f","H2. A quelle fréquence êtes-vous payé ?","1:Quotidienne/Jour|2:Hebdomadaire/Semaine|3:Quinzaine/Toutes les deux semaines|4:Mensuelle/Mois|5:Bimestre/Tous les deux mois|6:Trimestre/Tous les trois mois|7:Semestre/Tous les six mois|8:Année|9:Irrégulière|10:Ne veut pas dire",862,841,841,5,"8|4|1|9|3",1,9,FALSE,FALSE,FALSE
"H3","h3","haven_labelled|vctrs_vctr|double","double","%6.0f","H3. Quel a été votre salaire net (valeur en espèces, incluant tout paiement en n","99999:Ne veut pas dire",862,441,441,59,"0|70000|99999|25000|10000|5000|3e+05|30000|20000|50000|500|4e+05|2e+05|220000|250000|1e+05|35000|150000|55000|90000|1e+06|80000|40000|210000|450000|120000|1500000|160000|60000|8e+05|95000|7e+06|950000|5e+05|180000|6e+05|84000|2000|15000|105000",0,7e+06,FALSE,FALSE,FALSE
"H3A","h3a","haven_labelled|vctrs_vctr|double","double","%6.0f","H3A. Pouvez-vous indiquer la tranche svp ?","1:Moins de 30 000|2:[30 000 - 75 000[|3:[75 000 - 150 000[|4:[150 000 - 300 000[|5:[300 000 - 500 000[|6:[500 000 - 800 000[|7:[800 000 - 1 000 000[|8:Plus d'un million",862,725,725,7,"1|7|5|3|2|4|6",1,7,FALSE,FALSE,FALSE
"H4","h4","haven_labelled|vctrs_vctr|double","double","%6.0f","H4. Cette activité/entreprise est-elle enregistrée (par exemple auprès des impôt","1:Oui|2:Non|3:Ne sait pas",862,551,551,3,"3|2|1",1,3,FALSE,FALSE,FALSE
"H4A","h4a","numeric","double","%6.0f","H4A. Combien de travailleurs rémunérés avez-vous actuellement, sans vous compter","",862,553,553,24,"0|4|1|2|3|50000|42|10|5|16|60|8|3e+05|12|6|11|40|54|15|21|48|35|2e+05|45",0,3e+05,FALSE,FALSE,FALSE
"H5","h5","haven_labelled|vctrs_vctr|double","double","%6.0f","H5. Environ combien avez-vous personnellement gagné ou retiré de cette activité","999999:Ne veut pas dire",862,551,551,48,"70000|20000|999999|2e+05|150000|50000|10000|25000|45000|5000|40000|15000|230000|1e+05|36000|3e+05|1e+06|375000|60000|5e+05|40|4e+05|30000|10|1000|8000|115000|55000|80000|6|130000|7000|1500000|2500|6000|120000|18000|37000|65000|7312",0,1500000,FALSE,FALSE,FALSE
"H5A","h5a","haven_labelled|vctrs_vctr|double","double","%6.0f","H5A. Pouvez-vous indiquer la tranche svp ?","1:Moins de 30 000|2:[30 000 - 75 000[|3:[75 000 - 150 000[|4:[150 000 - 300 000[|5:[300 000 - 500 000[|6:[500 000 - 800 000[|7:[800 000 - 1 000 000[|8:Plus d'un million",862,761,761,7,"7|1|4|2|3|5|6",1,7,FALSE,FALSE,FALSE
"HHH_fin","hhh_fin","character","character","%9s","HHH_fin. Heure de fin","",862,0,440,423,"[REDACTED]",,,FALSE,FALSE,TRUE
"HHI_debut","hhi_debut","character","character","%9s","HHI_debut. Heure de début","",862,0,437,423,"[REDACTED]",,,FALSE,FALSE,TRUE
"I1","i1","haven_labelled|vctrs_vctr|double","double","%6.0f","I1. Bien que vous travailliez actuellement, recherchez-vous activement un autre","1:Oui|2:Non",862,441,441,2,"1|2",1,2,FALSE,FALSE,FALSE
"I2","i2","haven_labelled|vctrs_vctr|double","double","%6.0f","I2. Quelle est la principale raison ?","1:Revenu insuffisant dans l’emploi actuel|2:Emploi actuel instable/temporaire|3:Je veux un emploi qui correspond mieux à mes compétences|4:Je veux simplement un meilleur emploi|5:Autre",862,621,621,5,"1|4|2|5|3",1,5,FALSE,FALSE,FALSE
"I2X","i2x","character","character","%9s","I2X. Préciser l'autre raison","",862,0,852,11,"[REDACTED]",,,FALSE,FALSE,TRUE
"I3","i3","haven_labelled|vctrs_vctr|double","double","%6.0f","I3.  Qu’avez-vous fait principalement pour chercher cet autre emploi ?","1:Candidature spontanée auprès d’employeurs|2:Réponse à une offre d’emploi (en ligne, journal, affiche)|3:Inscription auprès d’une agence (Agence Emploi Jeunes, etc.)|4:Réseau personnel (famille, amis)|5:Concours/test pour le secteur public|6:Démarches pour créer sa propre entreprise|9:Autre",862,622,622,6,"4|6|9|5|1|3",1,9,FALSE,FALSE,FALSE
"I3X","i3x","character","character","%9s","I3X.  Préciser l'autre action","",862,0,837,18,"[REDACTED]",,,FALSE,FALSE,TRUE
"HHI_fin","hhi_fin","character","character","%9s","HHI_debut. Heure de fin","",862,0,441,421,"[REDACTED]",,,FALSE,FALSE,TRUE
"HHJ_debut","hhj_debut","character","character","%9s","HHJ_debut. Heure de début","",862,0,826,37,"[REDACTED]",,,FALSE,FALSE,TRUE
"J0","j0","haven_labelled|vctrs_vctr|double","double","%6.0f","J0. Au cours des 30 derniers jours, avez-vous cherché un emploi salarié ou indép","1:Oui|2:Non",862,826,826,2,"1|2",1,2,FALSE,FALSE,FALSE
"J0A","j0a","haven_labelled|vctrs_vctr|double","double","%6.0f","J0A. Quelle est la principale raison pour laquelle vous n'avez pas cherché d'emp","1:Vous ne pensiez pas en trouver, vous étiez découragé(e)|2:Vous pensiez qu'il n'y avait pas d'emploi disponible correspondant à vos compétences dans votre zone|3:Vous suiviez (ou aviez le projet de suivre) des études ou une formation|4:Problèmes de santé ou situation de handicap|5:Obligations familiales (enfants, proches)|6:Vous attendiez le début de la saison agricole|7:Vous attendiez le résultat de démarches antérieures (emploi, concours, programme)|8:Vous avez déjà trouvé un emploi ou une activité qui commencera dans les trois prochains mois|9:Autre (préciser)",862,836,836,6,"6|9|5|1|3|4",1,9,FALSE,FALSE,FALSE
"J0B","j0b","haven_labelled|vctrs_vctr|double","double","%6.0f","J0B. À l'heure actuelle, souhaiteriez-vous travailler ?","1:Oui|2:Non",862,836,836,1,"1",1,1,FALSE,FALSE,FALSE
"J1","j1","haven_labelled|vctrs_vctr|double","double","%6.0f","J1. Qu’avez-vous fait principalement au cours des 30 derniers jours pour trouver","1:Candidature spontanée auprès d’employeurs|2:Réponse à une offre d’emploi (en ligne, journal, affiche)|3:Inscription auprès d’une agence (Agence Emploi Jeunes, etc.)|4:Réseau personnel (famille, amis)|5:Concours/test pour le secteur public|6:Démarches pour créer sa propre entreprise|9:Autre",862,852,852,3,"4|5|9",4,9,FALSE,FALSE,FALSE
"J1X","j1x","character","character","%9s","J1X. Préciser l'autre action","",862,0,860,3,"[REDACTED]",,,FALSE,FALSE,TRUE
"J2","j2","haven_labelled|vctrs_vctr|double","double","%6.0f","J2. Depuis combien de temps êtes-vous sans emploi et en recherche ?","1:Moins d’1 mois|2:1 mois à moins de 3 mois|3:3 mois à moins de 6 mois|4:6 mois à moins de 12 mois|5:1 an à moins de 2 ans|6:2 ans ou plus",862,852,852,5,"6|2|3|1|5",1,6,FALSE,FALSE,FALSE
"J3","j3","haven_labelled|vctrs_vctr|double","double","%6.0f","J3. Si vous aviez trouvé un emploi la semaine dernière, auriez-vous pu commencer","1:Oui|2:Non",862,836,836,2,"1|2",1,2,FALSE,FALSE,FALSE
"HHJ_fin","hhj_fin","character","character","%9s","HHJ_fin. Heure de fin","",862,0,826,37,"[REDACTED]",,,FALSE,FALSE,TRUE
"HHK_debut","hhk_debut","character","character","%9s","HHK_debut. Heure de début","",862,0,406,455,"[REDACTED]",,,FALSE,FALSE,TRUE
"K1","k1","haven_labelled|vctrs_vctr|double","double","%6.0f","K1. Avez-vous personnellement déjà créé votre propre activité génératrice de rev","1:Oui|2:Non",862,406,406,2,"2|1",1,2,FALSE,FALSE,FALSE
"K2","k2","haven_labelled|vctrs_vctr|double","double","%6.0f","K2. Souhaiteriez-vous créer votre propre activité génératrice de revenus ou entr","1:Oui|2:Non",862,652,652,2,"1|2",1,2,FALSE,FALSE,FALSE
"K3","k3","haven_labelled|vctrs_vctr|double","double","%6.0f","K3. Quelle a été la principale source d’argent utilisée pour démarrer cette acti","1:Épargne personnelle|2:Aide familiale|3:Microfinance/coopérative d’épargne (COOPEC)|4:Programme gouvernemental (AGR/Agence Emploi Jeunes)|5:Prêt bancaire|6:ONG/organisation humanitaire|9:Autre",862,616,616,6,"1|2|4|3|9|6",1,9,FALSE,FALSE,FALSE
"K3X","k3x","character","character","%9s","K3X. Préciser l'autre source","",862,0,856,7,"[REDACTED]",,,FALSE,FALSE,TRUE
"K4","k4","haven_labelled|vctrs_vctr|double","double","%6.0f","K4. Quelle serait selon vous votre principale source de financement si vous devi","1:Épargne personnelle|2:Aide familiale|3:Microfinance/coopérative d’épargne (COOPEC)|4:Programme gouvernemental (AGR/Agence Emploi Jeunes)|5:Prêt bancaire|6:ONG/organisation humanitaire|7:Ne sait pas|9:Autre",862,672,672,8,"7|2|4|1|9|3|6|5",1,9,FALSE,FALSE,FALSE
"K4X","k4x","character","character","%9s","K4X. Préciser l'autre source","",862,0,858,3,"[REDACTED]",,,FALSE,FALSE,TRUE
"K5__1","k5__1","numeric","double","%6.0f","K5. Quelles sont les principales raisons pour lesquelles vous n’avez pas encore","",862,672,672,2,"1|0",0,1,FALSE,FALSE,FALSE
"K5__2","k5__2","numeric","double","%6.0f","K5. Quelles sont les principales raisons pour lesquelles vous n’avez pas encore","",862,672,672,2,"0|1",0,1,FALSE,FALSE,FALSE
"K5__3","k5__3","numeric","double","%6.0f","K5. Quelles sont les principales raisons pour lesquelles vous n’avez pas encore","",862,672,672,2,"0|1",0,1,FALSE,FALSE,FALSE
"K5__4","k5__4","numeric","double","%6.0f","K5. Quelles sont les principales raisons pour lesquelles vous n’avez pas encore","",862,672,672,2,"0|1",0,1,FALSE,FALSE,FALSE
"K5__5","k5__5","numeric","double","%6.0f","K5. Quelles sont les principales raisons pour lesquelles vous n’avez pas encore","",862,672,672,2,"0|1",0,1,FALSE,FALSE,FALSE
"K5__6","k5__6","numeric","double","%6.0f","K5. Quelles sont les principales raisons pour lesquelles vous n’avez pas encore","",862,672,672,1,"0",0,0,FALSE,FALSE,FALSE
"K5__7","k5__7","numeric","double","%6.0f","K5. Quelles sont les principales raisons pour lesquelles vous n’avez pas encore","",862,672,672,1,"0",0,0,FALSE,FALSE,FALSE
"K5__9","k5__9","numeric","double","%6.0f","K5. Quelles sont les principales raisons pour lesquelles vous n’avez pas encore","",862,672,672,2,"0|1",0,1,FALSE,FALSE,FALSE
"K5X","k5x","character","character","%9s","K5X. Préciser  l'autre raison","",862,0,861,2,"[REDACTED]",,,FALSE,FALSE,TRUE
"K6","k6","haven_labelled|vctrs_vctr|double","double","%6.0f","K6. Avez-vous déjà reçu une formation spécifiquement en entrepreneuriat ou en ge","1:Oui|2:Non",862,407,407,2,"1|2",1,2,FALSE,FALSE,FALSE
"K7","k7","haven_labelled|vctrs_vctr|double","double","%6.0f","K7. Comment évaluez-vous vos propres compétences pour gérer une activité générat","1:Très faibles|2:Faibles|3:Moyennes|4:Bonnes|5:Très bonnes",862,408,408,5,"4|2|5|3|1",1,5,FALSE,FALSE,FALSE
"HHK_fin","hhk_fin","character","character","%9s","HHK_fin. Heure de fin","",862,0,406,455,"[REDACTED]",,,FALSE,FALSE,TRUE
"HHL_debut","hhl_debut","character","character","%9s","HHL_debut. Heure de début","",862,0,408,455,"[REDACTED]",,,FALSE,FALSE,TRUE
"L1","l1","haven_labelled|vctrs_vctr|double","double","%6.0f","L1. Possédez-vous un compte Mobile Money ?","1:Oui|2:Non",862,408,408,2,"1|2",1,2,FALSE,FALSE,FALSE
"L2","l2","haven_labelled|vctrs_vctr|double","double","%6.0f","L2. Possédez-vous un compte bancaire ?","1:Oui|2:Non",862,408,408,2,"2|1",1,2,FALSE,FALSE,FALSE
"L3","l3","haven_labelled|vctrs_vctr|double","double","%6.0f","L3. Mettez-vous régulièrement de l'argent de côté (épargne) ?","1:Oui, régulièrement|2:Oui, occasionnellement|3:Non, jamais",862,409,409,3,"2|3|1",1,3,FALSE,FALSE,FALSE
"L4","l4","haven_labelled|vctrs_vctr|double","double","%6.0f","L4.	Environ combien metez-vous de côté dans uns mois typique ?","999998:Ne sait pas / ça varie",862,521,521,31,"999998|2000|10000|120000|30000|5000|7000|50000|1e+05|1000|25000|20000|15000|3000|40000|2e+05|0|2500|150000|8000|35000|16000|75000|3500|6000|60000|500|45000|4e+05|3e+05|125000",0,999998,FALSE,FALSE,FALSE
"L5","l5","haven_labelled|vctrs_vctr|double","double","%6.0f","L5. Où conservez-vous principalement votre épargne ?","1:Domicile (cash)|2:Tontine/AVEC|3:Compte bancaire|4:Mobile money|5:Autres  (à préciser)",862,521,521,5,"4|1|2|3|5",1,5,FALSE,FALSE,FALSE
"L5X","l5x","character","character","%9s","L5X. Précisez l'autre endroit où vous épargnez","",862,0,860,3,"[REDACTED]",,,FALSE,FALSE,TRUE
"L6","l6","haven_labelled|vctrs_vctr|double","double","%6.0f","L6. Avez-vous actuellement un prêt ou une dette en cours — auprès d’une banque,","1:Oui|2:Non",862,409,409,2,"2|1",1,2,FALSE,FALSE,FALSE
"L7","l7","haven_labelled|vctrs_vctr|double","double","%6.0f","L7. Quelle est la principale source de ce prêt/cette dette ?","1:Banque|2:Institution de microfinance/COOPEC|3:Crédit mobile money|4:Tontine/AVEC|5:Famille ou amis|6:Employeur|7:Prêteur informel|9:Autre",862,803,803,7,"5|4|7|2|3|1|9",1,9,FALSE,FALSE,FALSE
"L7X","l7x","character","character","%9s","L7X. Préciser l'autre source","",862,0,860,3,"[REDACTED]",,,FALSE,FALSE,TRUE
"L8","l8","haven_labelled|vctrs_vctr|double","double","%6.0f","L8. Environ combien devez-vous au total actuellement ?","99998:Ne sait pas",862,803,803,28,"250000|7e+05|2e+05|460000|150000|50000|340000|25000|1e+05|1e+06|10000|85000|20000|5e+05|175000|5000|4e+05|55000|45000|40000|35000|60000|80000|315000|30000|3e+05|12500|9000",5000,1e+06,FALSE,FALSE,FALSE
"L9","l9","haven_labelled|vctrs_vctr|double","double","%6.0f","L9. Quel était le principal motif de ce prêt ?","1:Démarrer ou développer une activité|2:Couvrir des besoins quotidiens/du ménage|3:Éducation/frais de scolarité|4:Santé/dépenses médicales|5:Logement|9:Autre",862,803,803,5,"1|9|4|2|3",1,9,FALSE,FALSE,FALSE
"HHL_fin","hhl_fin","character","character","%9s","HHL_fin. Heure de fin","",862,0,408,455,"[REDACTED]",,,FALSE,FALSE,TRUE
"HHM_debut","hhm_debut","character","character","%9s","HHM_debut. Heure de début","",862,0,409,454,"[REDACTED]",,,FALSE,FALSE,TRUE
"M1","m1","haven_labelled|vctrs_vctr|double","double","%6.0f","M1. Comment est-ce que tu gagnes ta vie ou tu t'en sors financièrement en ce mom","1:Je dépends principalement de l’aide d’autrui|2:Je me prends en charge pour certains de mes besoins|3:Je suis capable de me prendre en charge complètement",862,411,411,3,"2|1|3",1,3,FALSE,FALSE,FALSE
"M2","m2","haven_labelled|vctrs_vctr|double","double","%6.0f","M2. Au cours des 12 derniers mois, avez-vous reçu une aide financière ou matérie","1:Oui, régulièrement|2:Oui, ponctuellement|3:Non, jamais",862,411,411,3,"2|3|1",1,3,FALSE,FALSE,FALSE
"M3","m3","haven_labelled|vctrs_vctr|double","double","%6.0f","M3. Votre entourage (famille, communauté) vous perçoit comme une personne qui co","1:Pas du tout d’accord|2:Plutôt pas d’accord|3:Neutre|4:Plutôt d’accord|5:Tout à fait d’accord",862,411,411,5,"4|2|3|5|1",1,5,FALSE,FALSE,FALSE
"M4","m4","haven_labelled|vctrs_vctr|double","double","%6.0f","M4. Si vous deviez vous projeter dans 12 mois, vous voyez-vous plutôt quelqu’un","1:Je dépends principalement de l’aide d’autrui|2:Je me prends en charge pour certains de mes besoins|3:Je suis capable de me prendre en charge complètement",862,411,411,3,"2|3|1",1,3,FALSE,FALSE,FALSE
"HHM_fin","hhm_fin","character","character","%9s","HHM_fin","",862,0,409,452,"[REDACTED]",,,FALSE,FALSE,TRUE
"HHN_debut","hhn_debut","character","character","%9s","HHN_debut. Heure de début","",862,0,411,451,"[REDACTED]",,,FALSE,FALSE,TRUE
"N1","n1","haven_labelled|vctrs_vctr|double","double","%6.0f","N1. Au cours des 12 derniers mois, votre ménage a-t-il été affecté par un choc é","1:Oui|2:Non",862,411,411,2,"2|1",1,2,FALSE,FALSE,FALSE
"N2","n2","haven_labelled|vctrs_vctr|double","double","%6.0f","N2. Quel a été le choc/problème le plus important subi ?","1:Maladie/accident|2:Choc climatique (sécheresse, inondation)|3:Perte d'activité/emploi|4:Décès d'un membre du ménage|5:Catastrophe naturelle|9:Autre (préciser)",862,663,663,6,"1|9|4|3|2|5",1,9,FALSE,FALSE,FALSE
"N2X","n2x","character","character","%9s","N2X. Autre à préciser","",862,0,842,17,"[REDACTED]",,,FALSE,FALSE,TRUE
"N3","n3","haven_labelled|vctrs_vctr|double","double","%6.0f","N3. Quel a été l'impact/la conséquence de ce choc sur votre revenu ou votre acti","1:Aucun impact|2:Impact limité, vite surmonté|3:Impact important, encore en cours de redressement|4:Impact très important, activité arrêtée ou fortement réduite",862,663,663,4,"4|3|2|1",1,4,FALSE,FALSE,FALSE
"N4","n4","haven_labelled|vctrs_vctr|double","double","%6.0f","N4. Comment avez-vous principalement fait face à ce choc/problème ?","1:Épargne personnelle|2:Vente d'actifs/biens|3:Emprunt/crédit|4:Aide familiale ou communautaire|5:Aide externe (ONG, État)|6:Réduction de la consommation|9:Autre",862,663,663,7,"4|3|9|1|2|6|5",1,9,FALSE,FALSE,FALSE
"N4X","n4x","character","character","%9s","N4X. Autre à préciser","",862,0,859,4,"[REDACTED]",,,FALSE,FALSE,TRUE
"N5","n5","haven_labelled|vctrs_vctr|double","double","%6.0f","N5. Combien de temps a-t-il fallu pour que votre activité ou votre revenu revien","1:Moins d'1 mois|2:1 à 3 mois|3:3 à 6 mois|4:Plus de 6 mois|5:Pas encore rétabli",862,663,663,5,"2|3|5|1|4",1,5,FALSE,FALSE,FALSE
"N6","n6","haven_labelled|vctrs_vctr|double","double","%6.0f","N6. Si vous deviez couvrir une dépense imprévue de  250 000 FCFA , seriez-vous e","1:Oui, facilement|2:Oui, avec difficulté|3:Non, impossible",862,412,412,3,"3|2|1",1,3,FALSE,FALSE,FALSE
"N7","n7","haven_labelled|vctrs_vctr|double","double","%6.0f","N7. Globalement, sur une échelle de 1 à 10, comment évaluez-vous votre capacité","1:1|2:2|3:3|4:4|5:5|6:6|7:7|8:8|9:9|10:10",862,412,412,10,"3|5|4|1|6|9|2|8|7|10",1,10,FALSE,FALSE,FALSE
"HHN_fin","hhn_fin","character","character","%9s","HHN_fin. Heure de fin","",862,0,411,451,"[REDACTED]",,,FALSE,FALSE,TRUE
"HHO_debut","hho_debut","character","character","%9s","HHO_debut. Heure de début","",862,0,412,450,"[REDACTED]",,,FALSE,FALSE,TRUE
"O1","o1","haven_labelled|vctrs_vctr|double","double","%6.0f","O1. En dehors de votre activité principale actuelle, avez-vous déjà eu un autre","1:Oui|2:Non",862,412,412,2,"2|1",1,2,FALSE,FALSE,FALSE
"O2","o2","numeric","double","%6.0f","O2. À quel âge avez-vous commencé votre tout premier emploi ou votre toute premi","",862,731,731,28,"20|18|35|25|16|15|29|17|11|19|30|2014|2022|22|31|5|27|6|21|7|24|28|10|13|23|36|14|26",5,2022,FALSE,FALSE,FALSE
"O3","o3","haven_labelled|vctrs_vctr|double","double","%6.0f","O3. Avez-vous suivi une formation professionnelle ou technique, ou un apprentiss","1:Oui|2:Non",862,412,412,2,"1|2",1,2,FALSE,FALSE,FALSE
"O4","o4","character","character","%9s","O4. Dans quel métier ou domaine avez-vous suivi cette formation ?","",862,0,767,60,"[REDACTED]",,,FALSE,FALSE,TRUE
"O5","o5","haven_labelled|vctrs_vctr|double","double","%6.0f","O5. Qui a principalement dispensé cette formation ?","1:École/centre de formation professionnelle formel|2:Employeur/entreprise privée|3:Programme gouvernemental (ex. Agence Emploi Jeunes)|4:ONG/programme d’alphabétisation ou de compétences de vie|5:Apprentissage informel (famille/membre de la communauté)|6:Apprentissage sur le tas/au travail|9:Autre",862,767,767,7,"6|5|9|1|2|4|3",1,9,FALSE,FALSE,FALSE
"O6","o6","haven_labelled|vctrs_vctr|double","double","%6.0f","O6. Dans quelle mesure cette formation vous a-t-elle été utile pour trouver un e","1:Pas utile|2:Plutôt utilie|3:Très utile",862,767,767,3,"2|3|1",1,3,FALSE,FALSE,FALSE
"HHO_fin","hho_fin","character","character","%9s","HHO_fin. Heure de début","",862,0,412,449,"[REDACTED]",,,FALSE,FALSE,TRUE
"HHP_debut","hhp_debut","character","character","%9s","HHP_debut. Heure de début","",862,0,412,449,"[REDACTED]",,,FALSE,FALSE,TRUE
"P1","p1","character","character","%9s","N1. Quel métier ou activité souhaiteriez-vous exercer dans les cinq prochaines a","",862,0,412,197,"[REDACTED]",,,FALSE,FALSE,TRUE
"P2","p2","haven_labelled|vctrs_vctr|double","double","%6.0f","P2. Souhaitez-vous principalement trouver un emploi salarié, créer une entrepris","1:Trouver un emploi salarié|2:Créer une entreprise|3:Développer une activité existante",862,412,412,3,"2|3|1",1,3,FALSE,FALSE,FALSE
"P3","p3","numeric","double","%6.0f","P3. Quel revenu mensuel souhaiteriez-vous atteindre ?","",862,413,413,36,"250000|50000|60000|5e+05|2e+05|125000|30000|1e+06|150000|1e+05|75000|70000|3e+06|5e+06|6e+06|3e+05|4e+05|1500000|6e+05|2e+06|180000|20000|5e+08|40000|80000|10000|25000|1e+07|120000|350000|220000|7e+05|4e+06|520000|45000|0",0,5e+08,FALSE,FALSE,FALSE
"P4","p4","haven_labelled|vctrs_vctr|double","double","%6.0f","P4. Quel secteur d'activité vous intéresse le plus ?","1:Agriculture, élevage, pêche, sylviculture|2:Industries extractives|3:Industrie manufacturière|4:Construction/BTP|5:Commerce de gros ou de détail|6:Transport, entreposage, logistique|7:Hébergement et restauration|8:Information, communication, services numériques|9:Activités financières et d’assurance|10:Administration publique|11:Éducation|12:Santé humaine et action sociale|13:Travail domestique chez un particulier|14:Autres services (réparation, services personnels, arts/spectacles)|99:Autre (préciser)",862,413,413,12,"1|14|5|4|12|6|99|8|7|11|10|3",1,99,FALSE,FALSE,FALSE
"P44X","p44x","character","character","%9s","P4X. Préciser l'autre secteur","",862,0,831,20,"[REDACTED]",,,FALSE,FALSE,TRUE
"P5","p5","character","character","%9s","P5. Quel est selon vous le principal obstacle à la réalisation de vos objectifs","",862,0,412,128,"[REDACTED]",,,FALSE,FALSE,TRUE
"HHP_fin","hhp_fin","character","character","%9s","HHP_fin. Heure de fin","",862,0,412,450,"[REDACTED]",,,FALSE,FALSE,TRUE
"HHQ_debut","hhq_debut","character","character","%9s","HHQ_debut. Heure de début","",862,0,413,450,"[REDACTED]",,,FALSE,FALSE,TRUE
"Q1","q1","haven_labelled|vctrs_vctr|double","double","%6.0f","Q1. Êtes-vous membre d'une association, coopérative, groupe ou organisation comm","1:Oui|2:Non",862,413,413,2,"1|2",1,2,FALSE,FALSE,FALSE
"Q2","q2","character","character","%9s","Q2. Au cours des 30 derniers jours, combien de fois avez-vous donné de votre tem","",862,0,413,34,"[REDACTED]",,,FALSE,FALSE,TRUE
"Q3","q3","haven_labelled|vctrs_vctr|double","double","%6.0f","Q3. De manière générale, diriez-vous qu’on peut faire confiance à la plupart des","1:On peut faire confiance à la plupart des gens|2:Il faut être prudent",862,413,413,2,"2|1",1,2,FALSE,FALSE,FALSE
"Q4","q4","haven_labelled|vctrs_vctr|double","double","%6.0f","Q4. Dans quelle mesure faites-vous confiance aux jeunes d’origine différente de","1:Pas du tout confiance|2:Juste un peu confiance|3:Partiellement confiance|4:Beaucoup confiance|9:Ne sait pas",862,413,413,5,"3|2|4|1|9",1,9,FALSE,FALSE,FALSE
"Q5","q5","haven_labelled|vctrs_vctr|double","double","%6.0f","Q5. Dans quelle mesure faites-vous confiance à la police pour agir dans votre in","1:Pas du tout confiance|2:Juste un peu confiance|3:Partiellement confiance|4:Beaucoup confiance|9:Ne sait pas",862,413,413,5,"3|2|4|1|9",1,9,FALSE,FALSE,FALSE
"Q6","q6","haven_labelled|vctrs_vctr|double","double","%6.0f","Q6. Dans quelle mesure faites-vous confiance aux forces armées de Côte d’Ivoire","1:Pas du tout confiance|2:Juste un peu confiance|3:Partiellement confiance|4:Beaucoup confiance|9:Ne sait pas",862,413,413,5,"3|4|2|1|9",1,9,FALSE,FALSE,FALSE
"Q7","q7","haven_labelled|vctrs_vctr|double","double","%6.0f","Q7. Dans quelle mesure faites-vous confiance aux chefs traditionnels pour agir d","1:Pas du tout confiance|2:Juste un peu confiance|3:Partiellement confiance|4:Beaucoup confiance|9:Ne sait pas",862,413,413,4,"3|2|4|1",1,4,FALSE,FALSE,FALSE
"Q8","q8","haven_labelled|vctrs_vctr|double","double","%6.0f","Q8. Dans quelle mesure faites-vous confiance aux chefs religieux pour agir dans","1:Pas du tout confiance|2:Juste un peu confiance|3:Partiellement confiance|4:Beaucoup confiance|9:Ne sait pas",862,413,413,4,"3|4|2|1",1,4,FALSE,FALSE,FALSE
"Q9","q9","haven_labelled|vctrs_vctr|double","double","%6.0f","Q9. Dans quelle mesure faites-vous confiance aux autorités gouvernementales loca","1:Pas du tout confiance|2:Juste un peu confiance|3:Partiellement confiance|4:Beaucoup confiance|9:Ne sait pas",862,413,413,5,"3|4|2|9|1",1,9,FALSE,FALSE,FALSE
"Q10","q10","haven_labelled|vctrs_vctr|double","double","%6.0f","Q10. Dans quelle mesure faites-vous confiance aux autorités gouvernementales cen","1:Pas du tout confiance|2:Juste un peu confiance|3:Partiellement confiance|4:Beaucoup confiance|9:Ne sait pas",862,413,413,5,"3|4|2|9|1",1,9,FALSE,FALSE,FALSE
"HHQ_fin","hhq_fin","character","character","%9s","HHQ_fin. Heure de fin","",862,0,413,450,"[REDACTED]",,,FALSE,FALSE,TRUE
"HHR_debut","hhr_debut","character","character","%9s","HHR_debut. Heure de début","",862,0,413,449,"[REDACTED]",,,FALSE,FALSE,TRUE
"R1","r1","haven_labelled|vctrs_vctr|double","double","%6.0f","R1. Est-ce que le numéro avec lequel nous vous avons joint aujourd’hui est le me","1:Oui|2:Non",862,414,414,2,"1|2",1,2,FALSE,FALSE,FALSE
"R1A","r1a","character","character","%9s","R1A. Quel est le meilleur numéro pour vous contacter à l'avenir ?","[REDACTED]",862,0,857,6,"[REDACTED]",,,TRUE,TRUE,TRUE
"R2","r2","haven_labelled|vctrs_vctr|double","double","%6.0f","R2. Avez-vous un autre numéro que nous pourrions essayer si celui-ci ne fonction","1:Oui|2:Non",862,415,415,2,"2|1",1,2,FALSE,FALSE,FALSE
"R2A","r2a","character","character","%9s","R2A. Quel est ce numéro ?","[REDACTED]",862,0,589,274,"[REDACTED]",,,TRUE,TRUE,TRUE
"R3","r3","haven_labelled|vctrs_vctr|double","double","%6.0f","R3. Utilisez-vous WhatsApp ?","1:Oui|2:Non",862,415,415,2,"1|2",1,2,FALSE,FALSE,FALSE
"R3A","r3a","haven_labelled|vctrs_vctr|double","double","%6.0f","R3A. Ce compte WhatsApp est-il lié au même numéro  que nous utiliserons pour vou","1:Oui|2:Non",862,551,551,2,"1|2",1,2,FALSE,FALSE,FALSE
"R3B","r3b","character","character","%9s","R3B. Quuel numéro est lié à votre compte WhatsApp ?","[REDACTED]",862,0,832,31,"[REDACTED]",,,TRUE,TRUE,TRUE
"R4","r4","character","character","%9s","R4. Pouvez-vous fournir le contact d'une personne pouvant vous joindre facilemen","[REDACTED]",862,0,414,377,"[REDACTED]",,,TRUE,TRUE,TRUE
"R5","r5","haven_labelled|vctrs_vctr|double","double","%6.0f","R5. Acceptez-vous d'être recontacté pour les prochaines vagues de cette étude ?","1:Oui|2:Non",862,417,417,1,"1",1,1,FALSE,FALSE,FALSE
"R6","r6","character","character","%9s","R6. Veuillez nous indiquer un contact sur lequel vous pouvez recevoir un dépôt W","[REDACTED]",862,0,414,431,"[REDACTED]",,,TRUE,TRUE,TRUE
"R7","r7","haven_labelled|vctrs_vctr|double","double","%6.0f","R7. A qui appartient ce contact ?","1:Vous-même|2:Un parent|3:Un ami/connaissance",862,424,424,3,"1|2|3",1,3,FALSE,FALSE,FALSE
"HHR_fin","hhr_fin","character","character","%9s","HHR_fin. Heure de fin","",862,0,414,446,"[REDACTED]",,,FALSE,FALSE,TRUE
"sssys_irnd","sssys_irnd","numeric","double","%6.2f","Random number in the range 0..1 associated with interview","",862,0,0,862,"0.0785496947721344|0.598926055523998|0.331331217815788|0.771555545167791|0.746554996700285|0.451895238576408|0.879009344558701|0.0234467415248261|0.883425297626958|0.321244278140945|0.666933887948717|0.416432558287136|0.267684647472428|0.466670815584562|0.256761385247466|0.568883437462562|0.830305316872106|0.985728475258559|0.364958854096457|0.292729522237894|0.628526579881332|0.325953245314748|0.549946803390024|0.214906070947138|0.48372818831528|0.364531565627331|0.11464202549059|0.00915354025045109|0.847158748119678|0.384774320006731|0.79673917675239|0.0466668252119174|0.531392937773556|0.0352854919784169|0.442414450665198|0.376225958753482|0.128405894212614|0.187484399037196|0.806465160477192|0.98468309593605",0.00056683085885217,0.996883877551595,FALSE,FALSE,FALSE
"has__errors","has__errors","numeric","double","%6.0f","Errors count in the interview","",862,0,0,2,"0|1",0,1,FALSE,FALSE,FALSE
"interview__status","interview__status","haven_labelled|vctrs_vctr|double","double","%6.0f","Status of the interview","-1:Deleted|0:Restored|20:Created|40:SupervisorAssigned|60:InterviewerAssigned|65:RejectedBySupervisor|80:ReadyForInterview|85:SentToCapi|95:Restarted|100:Completed|120:ApprovedBySupervisor|125:RejectedByHeadquarters|130:ApprovedByHeadquarters",862,0,0,3,"60|100|65",60,100,FALSE,FALSE,FALSE
"assignment__id","assignment__id","numeric","double","%6.0f","Assignment id (identifier in numeric format)","[REDACTED]",862,0,0,861,"[REDACTED]",,,TRUE,FALSE,TRUE
