section_order,section_code,section,question_order,variable,questionnaire_type,question_text,condition_inherited,condition_local,condition_effective,validation_questionnaire,validation_message,variable_expression,options,source_regle,source_document
1,COVER,Couverture,1,cover_id,text,Cover0.Identifiant,,,,,,,,questionnaire,export_coso.zip!Questionnaire/Preview/Original Questionnaire_COSO_V5.html
1,COVER,Couverture,2,cover_district,text,Cover1.District,,,,,,,,questionnaire,export_coso.zip!Questionnaire/Preview/Original Questionnaire_COSO_V5.html
1,COVER,Couverture,3,cover_region,text,Cover2.Region,,,,,,,,questionnaire,export_coso.zip!Questionnaire/Preview/Original Questionnaire_COSO_V5.html
1,COVER,Couverture,4,localite,text,Localite,,,,,,,,questionnaire,export_coso.zip!Questionnaire/Preview/Original Questionnaire_COSO_V5.html
1,COVER,Couverture,5,nom,text,Nom,,,,,,,,questionnaire,export_coso.zip!Questionnaire/Preview/Original Questionnaire_COSO_V5.html
1,COVER,Couverture,6,telephone,text,Téléphone,,,,,,,,questionnaire,export_coso.zip!Questionnaire/Preview/Original Questionnaire_COSO_V5.html
2,A,A.GESTION DES TENTATIVES D’APPEL,1,nom_sup,single-select,Nom du superviseur,,,,,,,01:[REDACTED]|02:[REDACTED],questionnaire,export_coso.zip!Questionnaire/Preview/Original Questionnaire_COSO_V5.html
2,A,A.GESTION DES TENTATIVES D’APPEL,2,nom_agent,single-select: cascading,Nom de l'agent,,,,,,,01:[REDACTED]|02:[REDACTED]|03:[REDACTED]|04:[REDACTED]|05:[REDACTED]|06:[REDACTED]|07:[REDACTED]|08:[REDACTED]|09:[REDACTED]|10:[REDACTED]|11:[REDACTED]|12:[REDACTED]|13:[REDACTED]|14:[REDACTED]|15:[REDACTED]|16:[REDACTED],questionnaire,export_coso.zip!Questionnaire/Preview/Original Questionnaire_COSO_V5.html
2,A,A.GESTION DES TENTATIVES D’APPEL,3,HHA_debut,date: current time,HHA_debut. Heure de début,,,,,,,,questionnaire,export_coso.zip!Questionnaire/Preview/Original Questionnaire_COSO_V5.html
2,A,A.GESTION DES TENTATIVES D’APPEL,4,A1,single-select,A1. Numéro de la tentative d’appel en cours,,HHA_debut!=null,(HHA_debut!=null),,,,01:Première tentative|02:Deuxième tentative|03:Troisième tentative ou plus,questionnaire,export_coso.zip!Questionnaire/Preview/Original Questionnaire_COSO_V5.html
2,A,A.GESTION DES TENTATIVES D’APPEL,5,A2_date,date,A2. Date de l'appel,,HHA_debut!=null,(HHA_debut!=null),,,,,questionnaire,export_coso.zip!Questionnaire/Preview/Original Questionnaire_COSO_V5.html
2,A,A.GESTION DES TENTATIVES D’APPEL,6,A2_heure,text,A2. Heure de l'appel,,HHA_debut!=null,(HHA_debut!=null),,,,,questionnaire,export_coso.zip!Questionnaire/Preview/Original Questionnaire_COSO_V5.html
2,A,A.GESTION DES TENTATIVES D’APPEL,7,A4,single-select,A4. Résultat de cette tentative d’appel,,HHA_debut!=null,(HHA_debut!=null),,,,01:Entretien réalisé (compléter le questionnaire)|02:Pas de réponse|03:Numéro invalide ou incorrect|04:Ligne occupée|05:Rendez-vous fixé pour un rappel|06:Le répondant a refusé de participer|07:Le répondant a raccroché / appel interrompu en cours d’entretien|08:Autre (préciser),questionnaire,export_coso.zip!Questionnaire/Preview/Original Questionnaire_COSO_V5.html
2,A,A.GESTION DES TENTATIVES D’APPEL,8,A4X,text,A4X. Préciser l'autre résultat de la tentative,,A4==8,(A4==8),,,,,questionnaire,export_coso.zip!Questionnaire/Preview/Original Questionnaire_COSO_V5.html
2,A,A.GESTION DES TENTATIVES D’APPEL,9,A5_date,date,A5. Indiquez la date prévue pour la prochaine tentative,,A4==5 || A4==7,(A4==5 || A4==7),,,,,questionnaire,export_coso.zip!Questionnaire/Preview/Original Questionnaire_COSO_V5.html
2,A,A.GESTION DES TENTATIVES D’APPEL,10,A5_heure,date,A5. Indiquez l’heure prévues pour la prochaine tentative,,A4==5 || A4==7,(A4==5 || A4==7),,,,,questionnaire,export_coso.zip!Questionnaire/Preview/Original Questionnaire_COSO_V5.html
2,A,A.GESTION DES TENTATIVES D’APPEL,11,HHA_fin,date: current time,HHA_fin.Heure de fin,,HHA_debut!=null,(HHA_debut!=null),,,,,questionnaire,export_coso.zip!Questionnaire/Preview/Original Questionnaire_COSO_V5.html
3,B,B. IDENTIFICATION ET CONSENTEMENT,1,HHB_debut,date: current time,HHB_debut. Heure de début,,,,,,,,questionnaire,export_coso.zip!Questionnaire/Preview/Original Questionnaire_COSO_V5.html
3,B,B. IDENTIFICATION ET CONSENTEMENT,2,B1,single-select,B1. District,,,,,,,105:DENGUELE|111:SAVANES|113:WOROBA|114:ZANZAN,questionnaire,export_coso.zip!Questionnaire/Preview/Original Questionnaire_COSO_V5.html
3,B,B. IDENTIFICATION ET CONSENTEMENT,3,B2,single-select: cascading,B2. Region,,,,,,,10524:FOLON|10510:KABADOUGOU|11120:BAGOUE|11103:PORO|11132:TCHOLOGO|11319:BAFING|11322:BERE|11314:WORODOUGOU|11423:BOUNKANI|11408:GONTOUGO,questionnaire,export_coso.zip!Questionnaire/Preview/Original Questionnaire_COSO_V5.html
3,B,B. IDENTIFICATION ET CONSENTEMENT,4,B3,single-select: cascading,B3. Departement,,,,,,,10510034:ODIENNE|10510067:MADINANI|10510088:SAMATIGUILA|10510100:GBELEBAN|10510105:SEGUELON|10524068:MINIGNAN|10524081:KANIASSO|11103029:KORHOGO|11103075:DIKODOUGOU|11103090:SINEMATIALI|11103103:M'BENGUE|11120015:BOUNDIALI|11120044:TENGRELA|11120083:KOUTO|11132023:FERKESSEDOUGOU|11132086:OUANGOLODOUGOU,questionnaire,export_coso.zip!Questionnaire/Preview/Original Questionnaire_COSO_V5.html
3,B,B. IDENTIFICATION ET CONSENTEMENT,5,B4,single-select: cascading,B4.Sous-prefecture/Commune,,,,,,,1051003401:BAKO|1051003402:BOUGOUSSO|1051003403:DIOULATIEDOUGOU|1051003404:ODIENNE|1051003405:TIEME|1051006701:FENGOLO|1051006702:MADINANI|1051006703:N'GOLOBLASSO|1051008801:KIMBIRILA-SUD|1051008802:SAMATIGUILA|1051010001:GBELEBAN|1051010002:SEYDOUGOU|1051010003:SAMANGO|1051010501:GBONGAHA|1051010502:SEGUELON|1052406801:KIMBIRILA-NORD,questionnaire,export_coso.zip!Questionnaire/Preview/Original Questionnaire_COSO_V5.html
3,B,B. IDENTIFICATION ET CONSENTEMENT,6,B5,single-select,B5. Milieu de residence,,,,,,,01:Urbain|02:Rural,questionnaire,export_coso.zip!Questionnaire/Preview/Original Questionnaire_COSO_V5.html
3,B,B. IDENTIFICATION ET CONSENTEMENT,7,B6,single-select,"B6. Bonjour, Je m'appelle %nom_agent% et je vous appelle dans le cadre d'une étude sur la situation des jeunes candidats au Programme Jeunesse COSO . Suis-je bien en train de parler à %nom% ?",,,,,,,01:Oui|02:Non,questionnaire,export_coso.zip!Questionnaire/Preview/Original Questionnaire_COSO_V5.html
3,B,B. IDENTIFICATION ET CONSENTEMENT,8,B6A,single-select,B6A. Puis-je parler à %nom% ?,,B6==2,(B6==2),,,,01:Oui|02:Non,questionnaire,export_coso.zip!Questionnaire/Preview/Original Questionnaire_COSO_V5.html
3,B,B. IDENTIFICATION ET CONSENTEMENT,9,B6B,single-select,B6B. Ce n’est peut-être pas le bon moment pour parler à %nom% . Puis-je rappeler à un moment qui lui conviendrait mieux ?,,B6A==2,(B6A==2),,,,01:Oui|02:Non,questionnaire,export_coso.zip!Questionnaire/Preview/Original Questionnaire_COSO_V5.html
3,B,B. IDENTIFICATION ET CONSENTEMENT,10,B6C,date,B6C. Veuillez indiquer la date et l'heure souhaitées pour le rappel ?,,B6B==1,(B6B==1),,,,,questionnaire,export_coso.zip!Questionnaire/Preview/Original Questionnaire_COSO_V5.html
3,B,B. IDENTIFICATION ET CONSENTEMENT,11,B6D,single-select,"B6D. L'Agence Nationale de Statistique (Anstat) , en partenariat avec la Banque Mondiale , mène une étude pour mieux comprendre les résultats sur le marché du travail et les aspirations des jeunes ayant également postulé au Programme Jeunesse COSO , afin de nous aider à améliorer le programme . Comme vous êtes l’un(e) des candidat(e)s, nous vous contactons pour vous poser quelques questions et mieux comprendre votre situation. Nous allons enregistrer cet appel pour suivre notre performance et améliorer la conception de l’enquête. Vos réponses resteront confidentielles et anonymes, et ne seront utilisées que dans le cadre de cette enquête. Votre participation est volontaire : en répondant à ces questions, vous consentez à participer à cette étude. Si une question ne vous convient pas, vous n’êtes pas obligé(e) d’y répondre. Vous pouvez également arrêter à tout moment si vous ne souhaitez pas continuer l’enquête. Elle durera environ 30 minutes. Acceptez-vous de répondre aux questions ?",,B6==1 || B6A==1,(B6==1 || B6A==1),,,,01:Oui|02:Non,questionnaire,export_coso.zip!Questionnaire/Preview/Original Questionnaire_COSO_V5.html
3,B,B. IDENTIFICATION ET CONSENTEMENT,12,B6E,single-select,B6E. Ce n’est peut-être pas le bon moment. Puis-je rappeler à un moment qui vous conviendrait mieux ?,,B6D==2,(B6D==2),,,,01:Oui|02:Non,questionnaire,export_coso.zip!Questionnaire/Preview/Original Questionnaire_COSO_V5.html
3,B,B. IDENTIFICATION ET CONSENTEMENT,13,B6F,date,B6F. Veuillez indiquer la date et l'heure souhaitées pour le rappel ?,,B6E==1,(B6E==1),,,,,questionnaire,export_coso.zip!Questionnaire/Preview/Original Questionnaire_COSO_V5.html
3,B,B. IDENTIFICATION ET CONSENTEMENT,14,consentement,variable,Variable,,,,,,B6B==2 || B6E==2 ? 0 : 1,,questionnaire,export_coso.zip!Questionnaire/Preview/Original Questionnaire_COSO_V5.html
3,B,B. IDENTIFICATION ET CONSENTEMENT,15,B7,text,B7. Veuillez donner votre nom complet svp,,consentement==1,(consentement==1),,,,,questionnaire,export_coso.zip!Questionnaire/Preview/Original Questionnaire_COSO_V5.html
3,B,B. IDENTIFICATION ET CONSENTEMENT,16,HHB_fin,date: current time,HHB_fin. Heure de fin,,HHA_debut!=null,(HHA_debut!=null),,,,,questionnaire,export_coso.zip!Questionnaire/Preview/Original Questionnaire_COSO_V5.html
4,C,C. PROFIL SOCIODEMOGRAPHIQUE,1,HHC_debut,date: current time,HHC_debut. Heure de début,HHB_fin!=null && consentement==1,,(HHB_fin!=null && consentement==1),,,,,questionnaire,export_coso.zip!Questionnaire/Preview/Original Questionnaire_COSO_V5.html
4,C,C. PROFIL SOCIODEMOGRAPHIQUE,2,C1,single-select,C1. Quel est votre sexe?,HHB_fin!=null && consentement==1,,(HHB_fin!=null && consentement==1),,,,01:Homme|02:Femme,questionnaire,export_coso.zip!Questionnaire/Preview/Original Questionnaire_COSO_V5.html
4,C,C. PROFIL SOCIODEMOGRAPHIQUE,3,C2A_Jour,numeric: integer,C2A_Jour. Quel est votre jour de naissance ?,HHB_fin!=null && consentement==1,,(HHB_fin!=null && consentement==1),(self >= 1 && self <=31) || self ==98,Le jour doit être compris entre 1 et 31,,98:Ne sait pas,questionnaire,export_coso.zip!Questionnaire/Preview/Original Questionnaire_COSO_V5.html
4,C,C. PROFIL SOCIODEMOGRAPHIQUE,4,C2A_Mois,numeric: integer,C2A_Mois. Quel est votre mois de naissance ?,HHB_fin!=null && consentement==1,,(HHB_fin!=null && consentement==1),(self >= 1 && self <=12) || self ==98,Le mois doit être compris entre 1 et 12,,98:Ne sait pas,questionnaire,export_coso.zip!Questionnaire/Preview/Original Questionnaire_COSO_V5.html
4,C,C. PROFIL SOCIODEMOGRAPHIQUE,5,C2A_annee,numeric: integer,C2A_année. Quel est votre année de naissance ?,HHB_fin!=null && consentement==1,,(HHB_fin!=null && consentement==1),(self >= 1950 && self <=2026) || self ==9998,L'année de naissance doit être compris entre 1950 et 2026,,9998:Ne sait pas,questionnaire,export_coso.zip!Questionnaire/Preview/Original Questionnaire_COSO_V5.html
4,C,C. PROFIL SOCIODEMOGRAPHIQUE,6,C2,numeric: integer,C2. Quel âge avez avez-vous révolu ?,HHB_fin!=null && consentement==1,C2A_annee==9998,(HHB_fin!=null && consentement==1) && (C2A_annee==9998),,,,,questionnaire,export_coso.zip!Questionnaire/Preview/Original Questionnaire_COSO_V5.html
4,C,C. PROFIL SOCIODEMOGRAPHIQUE,7,C3,single-select,C3. Quel est votre statut matrimonial actuel ?,HHB_fin!=null && consentement==1,,(HHB_fin!=null && consentement==1),,,,01:Célibataire|02:Marié(e) monogame|03:Marié(e) polygame|04:Union libre/Concubinage|05:Divorcé(e)|06:Veuf(ve),questionnaire,export_coso.zip!Questionnaire/Preview/Original Questionnaire_COSO_V5.html
4,C,C. PROFIL SOCIODEMOGRAPHIQUE,8,C4,single-select,C4. Quel est le niveau d'etude le plus élévé que vous avez atteint?,HHB_fin!=null && consentement==1,,(HHB_fin!=null && consentement==1),,,,00:Aucun niveau|01:Préscolaire|02:Primaire|03:Secondaire général cycle I|04:Secondaire technique/professionnel cycle I|05:Secondaire général cycle II|06:Secondaire technique/professionnel cycle II|07:Supérieur cycle court (BAC+ 1; BP; BTS1; BAC+2; BTS2; DUT)|08:Licence|09:Maitrise/ Master 1|10:Master 2/DEA/DESS|11:Doctorat|12:Post Doctorat,questionnaire,export_coso.zip!Questionnaire/Preview/Original Questionnaire_COSO_V5.html
4,C,C. PROFIL SOCIODEMOGRAPHIQUE,9,C5,single-select,C5. Quel est le diplôme le plus élevé obtenu ?,HHB_fin!=null && consentement==1,C4>=2,(HHB_fin!=null && consentement==1) && (C4>=2),,,,01:AUCUN|02:CEPE|03:BEPC/BEP/CAP|04:BAC/BT|05:BTS/DEUG 2|06:LICENCE/BACHELOR|07:MASTER/DESS|08:DOCTORATS,questionnaire,export_coso.zip!Questionnaire/Preview/Original Questionnaire_COSO_V5.html
4,C,C. PROFIL SOCIODEMOGRAPHIQUE,10,C6,single-select,C6. Savez-vous lire et écrire dans au moins une langue (français ou autre) ?,HHB_fin!=null && consentement==1,C4<=2,(HHB_fin!=null && consentement==1) && (C4<=2),,,,01:Oui|02:Non,questionnaire,export_coso.zip!Questionnaire/Preview/Original Questionnaire_COSO_V5.html
4,C,C. PROFIL SOCIODEMOGRAPHIQUE,11,C7,single-select,C7. Au cours des douzes derniers mois avez-vous effectue un deplacement d'une localité à une autre localité/pays pour vous installer pendant au moins 6 mois ?,HHB_fin!=null && consentement==1,,(HHB_fin!=null && consentement==1),,,,01:Oui|02:Non,questionnaire,export_coso.zip!Questionnaire/Preview/Original Questionnaire_COSO_V5.html
4,C,C. PROFIL SOCIODEMOGRAPHIQUE,12,C8,single-select,C8. Où es ce que vous habitez avant de venir ou de vous installer dans cette localité ?,HHB_fin!=null && consentement==1,C7==1,(HHB_fin!=null && consentement==1) && (C7==1),,,,01:Côte d’Ivoire|02:Hors Côte d'Ivoire,questionnaire,export_coso.zip!Questionnaire/Preview/Original Questionnaire_COSO_V5.html
4,C,C. PROFIL SOCIODEMOGRAPHIQUE,13,C9,text,C9. Indiquer la localité/pays où vous étiez,HHB_fin!=null && consentement==1,C8==1,(HHB_fin!=null && consentement==1) && (C8==1),,,,,questionnaire,export_coso.zip!Questionnaire/Preview/Original Questionnaire_COSO_V5.html
4,C,C. PROFIL SOCIODEMOGRAPHIQUE,14,C10,text,C10. Indiquez la localité où vous vous êtes installé ?,HHB_fin!=null && consentement==1,C8==1,(HHB_fin!=null && consentement==1) && (C8==1),,,,,questionnaire,export_coso.zip!Questionnaire/Preview/Original Questionnaire_COSO_V5.html
4,C,C. PROFIL SOCIODEMOGRAPHIQUE,15,C11,text,C11. Indiquez le pays d'où vous venez,HHB_fin!=null && consentement==1,C8==2,(HHB_fin!=null && consentement==1) && (C8==2),,,,,questionnaire,export_coso.zip!Questionnaire/Preview/Original Questionnaire_COSO_V5.html
4,C,C. PROFIL SOCIODEMOGRAPHIQUE,16,age,variable,Variable,HHB_fin!=null && consentement==1,,(HHB_fin!=null && consentement==1),,,C2 ?? (C2A_annee.HasValue ? (int?)(2026 - C2A_annee.Value) : (int?)null),,questionnaire,export_coso.zip!Questionnaire/Preview/Original Questionnaire_COSO_V5.html
4,C,C. PROFIL SOCIODEMOGRAPHIQUE,17,HHC_fin,date: current time,HHC_fin. Heure de fin,HHB_fin!=null && consentement==1,,(HHB_fin!=null && consentement==1),,,,,questionnaire,export_coso.zip!Questionnaire/Preview/Original Questionnaire_COSO_V5.html
5,D,D. MENAGE,1,HHD_debut,date: current time,HHD_debut. Heure de début,consentement==1 && HHC_fin!=null,,(consentement==1 && HHC_fin!=null),,,,,questionnaire,export_coso.zip!Questionnaire/Preview/Original Questionnaire_COSO_V5.html
5,D,D. MENAGE,2,D1,numeric: integer,D1. Combien de personnes vivent habituellement dans votre ménage ?,consentement==1 && HHC_fin!=null,,(consentement==1 && HHC_fin!=null),,,,,questionnaire,export_coso.zip!Questionnaire/Preview/Original Questionnaire_COSO_V5.html
5,D,D. MENAGE,3,D2,numeric: integer,D2. Combien ont moins de 15 ans ?,consentement==1 && HHC_fin!=null,,(consentement==1 && HHC_fin!=null),self <D1,Le nombre de personnes ayant plus de 15 ans ne peut être supérieur au nombre de personnes dans le ménage,,,questionnaire,export_coso.zip!Questionnaire/Preview/Original Questionnaire_COSO_V5.html
5,D,D. MENAGE,4,D3,single-select,D3. Quel est votre lien avec le chef de ménage ?,consentement==1 && HHC_fin!=null,,(consentement==1 && HHC_fin!=null),,,,01:Chef de ménage|02:Conjoint du CM|03:Enfant du CM|04:Autre parent du CM|05:Sans lien de parenté avec le CM|06:Amis du CM|07:Autre à préciser,questionnaire,export_coso.zip!Questionnaire/Preview/Original Questionnaire_COSO_V5.html
5,D,D. MENAGE,5,D3X,text,D3X. Préciser l'autre lien de parenté avec le chef de ménage ?,consentement==1 && HHC_fin!=null,D3==7,(consentement==1 && HHC_fin!=null) && (D3==7),,,,,questionnaire,export_coso.zip!Questionnaire/Preview/Original Questionnaire_COSO_V5.html
5,D,D. MENAGE,6,D4,numeric: integer,D4. Combien de personnes du ménages exercent une activité renumérée,consentement==1 && HHC_fin!=null,,(consentement==1 && HHC_fin!=null),,,,,questionnaire,export_coso.zip!Questionnaire/Preview/Original Questionnaire_COSO_V5.html
5,D,D. MENAGE,7,D5,multi-select,"D5. Parmi les biens suivants,lesquels sont possédés par votre ménage et sont fonctinnels?",consentement==1 && HHC_fin!=null,,(consentement==1 && HHC_fin!=null),!(self.Contains(11) && self.Count() > 1),"Vous ne pouvez pas choisir une autre modalité si vous cochez la modalité ""Aucun des biens ci-dessus""",,01:Télévision|02:Téléphone portable|03:Moto|04:Vélo|05:Brouette|06:Réfrigérateur/congélateur|07:Ordinateur|08:Radio|09:Ventilateur|10:Décodeur TNT/ Abonnement canal+/Easy TV/Start Time|11:Aucun des biens ci-dessus,questionnaire,export_coso.zip!Questionnaire/Preview/Original Questionnaire_COSO_V5.html
5,D,D. MENAGE,8,HHD_fin,date: current time,HHD_fin. Heure de fin,consentement==1 && HHC_fin!=null,,(consentement==1 && HHC_fin!=null),,,,,questionnaire,export_coso.zip!Questionnaire/Preview/Original Questionnaire_COSO_V5.html
6,E,E. STATUT D'ACTIVITE,1,HHE_debut,date: current time,HHE_debut. Heure de début,consentement==1 && HHD_fin!=null,,(consentement==1 && HHD_fin!=null),,,,,questionnaire,export_coso.zip!Questionnaire/Preview/Original Questionnaire_COSO_V5.html
6,E,E. STATUT D'ACTIVITE,2,E1,single-select,"E1. Au cours des 7 derniers jours, avez-vous travaillé en échange d’un salaire, traitement, profit, commission, pourboire ou autre rémunération, en espèce ou en nature, même si cela n’a duré qu’une heure ?",consentement==1 && HHD_fin!=null,,(consentement==1 && HHD_fin!=null),,,,01:Oui|02:Non,questionnaire,export_coso.zip!Questionnaire/Preview/Original Questionnaire_COSO_V5.html
6,E,E. STATUT D'ACTIVITE,3,E2,single-select,"E2. Disposez-vous d’un emploi ou d’une entreprise dont vous êtes temporairement absent(e) (congé, maladie, basse saison) et auquel/à laquelle vous comptez retourner ?",consentement==1 && HHD_fin!=null,E1==2,(consentement==1 && HHD_fin!=null) && (E1==2),,,,01:Oui|02:Non,questionnaire,export_coso.zip!Questionnaire/Preview/Original Questionnaire_COSO_V5.html
6,E,E. STATUT D'ACTIVITE,4,E3,single-select,"E3. Avez-vous aidé, sans rémunération directe, dans une entreprise ou une exploitation familiale (champ, boutique, atelier) ?",consentement==1 && HHD_fin!=null,E1==2 && E2==2,(consentement==1 && HHD_fin!=null) && (E1==2 && E2==2),,,,01:Oui|02:Non,questionnaire,export_coso.zip!Questionnaire/Preview/Original Questionnaire_COSO_V5.html
6,E,E. STATUT D'ACTIVITE,5,E3A,single-select,"E3A. Les produits ou services de cette activité sont-ils destinés principalement à la vente, ou principalement à l’usage du ménage ?",consentement==1 && HHD_fin!=null,E3==1,(consentement==1 && HHD_fin!=null) && (E3==1),,,,01:Principalement à la vente|02:Principalement à l'usage du ménage,questionnaire,export_coso.zip!Questionnaire/Preview/Original Questionnaire_COSO_V5.html
6,E,E. STATUT D'ACTIVITE,6,EMPLOYE,variable,Variable,consentement==1 && HHD_fin!=null,,(consentement==1 && HHD_fin!=null),,,E1 == 1 || E2 == 1 || (E3 == 1 && E3A == 1) ? 1 : 0,,questionnaire,export_coso.zip!Questionnaire/Preview/Original Questionnaire_COSO_V5.html
6,E,E. STATUT D'ACTIVITE,7,HHE_fin,date: current time,HHE_fin. Heure de fin,consentement==1 && HHD_fin!=null,,(consentement==1 && HHD_fin!=null),,,,,questionnaire,export_coso.zip!Questionnaire/Preview/Original Questionnaire_COSO_V5.html
7,F,F. EMPLOI PRINCIPAL,1,HHF_debut,date: current time,HHF_debut. Heure de début,consentement==1 && EMPLOYE==1,,(consentement==1 && EMPLOYE==1),,,,,questionnaire,export_coso.zip!Questionnaire/Preview/Original Questionnaire_COSO_V5.html
7,F,F. EMPLOI PRINCIPAL,2,F1,single-select,F1. Quel est votre statut votre emploi ?,consentement==1 && EMPLOYE==1,,(consentement==1 && EMPLOYE==1),,,,01:Salarié|02:Employeur (avec employés)|03:Travailleur indépendant / à compte propre (sans employés)|04:Membre de coopératives de producteurs|05:Travailleurs familiaux collaborant à l’entreprise familiale|07:Apprenti/Stagiaire|09:Autre (Précisez),questionnaire,export_coso.zip!Questionnaire/Preview/Original Questionnaire_COSO_V5.html
7,F,F. EMPLOI PRINCIPAL,3,F1X,text,F1X. Autre à préciser,consentement==1 && EMPLOYE==1,F1==9,(consentement==1 && EMPLOYE==1) && (F1==9),,,,,questionnaire,export_coso.zip!Questionnaire/Preview/Original Questionnaire_COSO_V5.html
7,F,F. EMPLOI PRINCIPAL,4,F2,single-select,F2. Quel est le secteur de votre activité principale ?,consentement==1 && EMPLOYE==1,,(consentement==1 && EMPLOYE==1),,,,"01:Agriculture, élevage, pêche, sylviculture|02:Industries extractives|03:Industrie manufacturière|04:Construction/BTP|05:Commerce de gros ou de détail|06:Transport, entreposage, logistique|07:Hébergement et restauration|08:Information, communication, services numériques|09:Activités financières et d’assurance|10:Administration publique|11:Éducation|12:Santé humaine et action sociale|13:Travail domestique chez un particulier|14:Autres services (réparation, services personnels, arts/spectacles)|99:Autre (préciser)",questionnaire,export_coso.zip!Questionnaire/Preview/Original Questionnaire_COSO_V5.html
7,F,F. EMPLOI PRINCIPAL,5,F2X,text,F2X. Préciser l'autre secteur,consentement==1 && EMPLOYE==1,F2==99,(consentement==1 && EMPLOYE==1) && (F2==99),,,,,questionnaire,export_coso.zip!Questionnaire/Preview/Original Questionnaire_COSO_V5.html
7,F,F. EMPLOI PRINCIPAL,6,F3,single-select,F3. Où exercez-vous principalement ce travail ?,consentement==1 && EMPLOYE==1,,(consentement==1 && EMPLOYE==1),,,,"01:À domicile|02:Dans une structure attenante/proche du domicile|03:Au domicile de l’employeur|04:Lieu fixe hors domicile, en intérieur (bureau, magasin, usine)|05:Étal/emplacement fixe dans un espace public (stand de marché, kiosque, emplacement de vente autorisé)|06:Chantier de construction|07:Champ/exploitation agricole|08:Mobile/sans emplacement fixe (vente itinérante, porte-à-porte)|09:Autre (préciser)",questionnaire,export_coso.zip!Questionnaire/Preview/Original Questionnaire_COSO_V5.html
7,F,F. EMPLOI PRINCIPAL,7,F3X,text,F3X. Préciser l'autre lieu d'exercice,consentement==1 && EMPLOYE==1,F3==9,(consentement==1 && EMPLOYE==1) && (F3==9),,,,,questionnaire,export_coso.zip!Questionnaire/Preview/Original Questionnaire_COSO_V5.html
7,F,F. EMPLOI PRINCIPAL,8,F4,single-select,"F4. Depuis combien de temps travaillez-vous dans cet emploi/cette activité, sans interruption ?",consentement==1 && EMPLOYE==1,,(consentement==1 && EMPLOYE==1),,,,01:Moins de 6 mois|02:6 mois à moins d’un an|03:1 an à moins de 2 ans|04:2 ans à moins de 5 ans|05:5 ans ou plus,questionnaire,export_coso.zip!Questionnaire/Preview/Original Questionnaire_COSO_V5.html
7,F,F. EMPLOI PRINCIPAL,9,HHF_fin,date: current time,HHF_fin. Heure de fin,consentement==1 && EMPLOYE==1,,(consentement==1 && EMPLOYE==1),,,,,questionnaire,export_coso.zip!Questionnaire/Preview/Original Questionnaire_COSO_V5.html
8,G,G. QUALITE DE L'EMPLOI,1,HHG_debut,date: current time,HHG_debut. Heure de début,consentement==1 && EMPLOYE==1,,(consentement==1 && EMPLOYE==1),,,,,questionnaire,export_coso.zip!Questionnaire/Preview/Original Questionnaire_COSO_V5.html
8,G,G. QUALITE DE L'EMPLOI,2,G1,single-select,G1. Disposez-vous d’un contrat de travail ?,consentement==1 && EMPLOYE==1,,(consentement==1 && EMPLOYE==1),,,,"01:Oui, à durée indéterminée (CDI)|02:Oui, à durée déterminée (CDD)|03:Oui, consultance|04:Accord verbal seulement|05:Aucun accord",questionnaire,export_coso.zip!Questionnaire/Preview/Original Questionnaire_COSO_V5.html
8,G,G. QUALITE DE L'EMPLOI,3,G2,single-select,G2. Bénéficiez-vous d’une couverture sociale liée à cet emploi ?,consentement==1 && EMPLOYE==1,,(consentement==1 && EMPLOYE==1),,,,01:Oui|02:Non,questionnaire,export_coso.zip!Questionnaire/Preview/Original Questionnaire_COSO_V5.html
8,G,G. QUALITE DE L'EMPLOI,4,G3,numeric: decimal,G3. Combien d’heures avez-vous travaillé dans cet emploi principal la semaine dernière ?,consentement==1 && EMPLOYE==1,,(consentement==1 && EMPLOYE==1),,,,998:Ne sait pas,questionnaire,export_coso.zip!Questionnaire/Preview/Original Questionnaire_COSO_V5.html
8,G,G. QUALITE DE L'EMPLOI,5,G4,single-select,G4. Est-ce le nombre d’heures que vous travaillez habituellement dans cet emploi ?,consentement==1 && EMPLOYE==1,,(consentement==1 && EMPLOYE==1),,,,01:Oui|02:Non,questionnaire,export_coso.zip!Questionnaire/Preview/Original Questionnaire_COSO_V5.html
8,G,G. QUALITE DE L'EMPLOI,6,G4A,numeric: integer,"G4A. Si non, combien d'heures avez-vous effectivement travaillé ?",consentement==1 && EMPLOYE==1,G4==2,(consentement==1 && EMPLOYE==1) && (G4==2),,,,,questionnaire,export_coso.zip!Questionnaire/Preview/Original Questionnaire_COSO_V5.html
8,G,G. QUALITE DE L'EMPLOI,7,G5,single-select,G5. Avez-vous un autre emploi ou une autre activité génératrice de revenus en plus de celui-ci ?,consentement==1 && EMPLOYE==1,,(consentement==1 && EMPLOYE==1),,,,01:Oui|02:Non,questionnaire,export_coso.zip!Questionnaire/Preview/Original Questionnaire_COSO_V5.html
8,G,G. QUALITE DE L'EMPLOI,8,G5A,text,G5A. De quelle activité s'agit-il ?,consentement==1 && EMPLOYE==1,G5==1,(consentement==1 && EMPLOYE==1) && (G5==1),,,,,questionnaire,export_coso.zip!Questionnaire/Preview/Original Questionnaire_COSO_V5.html
8,G,G. QUALITE DE L'EMPLOI,9,G6,numeric: decimal,G6. Combien d’heures par semaine consacrez-vous à cet/ces autre(s) emploi(s)/activité(s) ?,consentement==1 && EMPLOYE==1,G5==1,(consentement==1 && EMPLOYE==1) && (G5==1),,,,,questionnaire,export_coso.zip!Questionnaire/Preview/Original Questionnaire_COSO_V5.html
8,G,G. QUALITE DE L'EMPLOI,10,G7,single-select,"G7. En tenant compte de tout votre travail — cet emploi et tout autre — Au cours des 30 derniers jours, auriez-vous voulu travailler plus d'heures par semaine que d'habitude, à condition que ces heures supplémentaires soient payées ?",consentement==1 && EMPLOYE==1,,(consentement==1 && EMPLOYE==1),,,,01:Oui|02:Non,questionnaire,export_coso.zip!Questionnaire/Preview/Original Questionnaire_COSO_V5.html
8,G,G. QUALITE DE L'EMPLOI,11,G7A,single-select,G7A. Seriez-vous prêt à travailler plus d'heures au cours des deux prochaines semaines ?,consentement==1 && EMPLOYE==1,G7==1,(consentement==1 && EMPLOYE==1) && (G7==1),,,,01:Oui|02:Non,questionnaire,export_coso.zip!Questionnaire/Preview/Original Questionnaire_COSO_V5.html
8,G,G. QUALITE DE L'EMPLOI,12,HHG_fin,date: current time,HHG_fin. Heure de fin,consentement==1 && EMPLOYE==1,,(consentement==1 && EMPLOYE==1),,,,,questionnaire,export_coso.zip!Questionnaire/Preview/Original Questionnaire_COSO_V5.html
9,H,H. REVENU ET CARACTERISTIQUES DE L'ENTREPRISE,1,HHH_debut,date: current time,HHH_debut. Heure de début,consentement==1 && EMPLOYE==1,,(consentement==1 && EMPLOYE==1),,,,,questionnaire,export_coso.zip!Questionnaire/Preview/Original Questionnaire_COSO_V5.html
9,H,H. REVENU ET CARACTERISTIQUES DE L'ENTREPRISE,2,H1,single-select,H1. Comment êtes-vous payé pour cet emploi ?,consentement==1 && EMPLOYE==1,F1==1,(consentement==1 && EMPLOYE==1) && (F1==1),,,,01:En espèces uniquement|02:En nature uniquement|03:Les deux,questionnaire,export_coso.zip!Questionnaire/Preview/Original Questionnaire_COSO_V5.html
9,H,H. REVENU ET CARACTERISTIQUES DE L'ENTREPRISE,3,H2,single-select,H2. A quelle fréquence êtes-vous payé ?,consentement==1 && EMPLOYE==1,F1==1,(consentement==1 && EMPLOYE==1) && (F1==1),,,,01:Quotidienne/Jour|02:Hebdomadaire/Semaine|03:Quinzaine/Toutes les deux semaines|04:Mensuelle/Mois|05:Bimestre/Tous les deux mois|06:Trimestre/Tous les trois mois|07:Semestre/Tous les six mois|08:Année|09:Irrégulière|10:Ne veut pas dire,questionnaire,export_coso.zip!Questionnaire/Preview/Original Questionnaire_COSO_V5.html
9,H,H. REVENU ET CARACTERISTIQUES DE L'ENTREPRISE,4,H3,numeric: integer,"H3. Quel a été votre salaire net (valeur en espèces, incluant tout paiement en nature) pour votre dernière période de paie ?",consentement==1 && EMPLOYE==1,,(consentement==1 && EMPLOYE==1),,,,99999:Ne veut pas dire,questionnaire,export_coso.zip!Questionnaire/Preview/Original Questionnaire_COSO_V5.html
9,H,H. REVENU ET CARACTERISTIQUES DE L'ENTREPRISE,5,H3A,single-select,H3A. Pouvez-vous indiquer la tranche svp ?,consentement==1 && EMPLOYE==1,H3==99999,(consentement==1 && EMPLOYE==1) && (H3==99999),,,,01:Moins de 30 000|02:[30 000 - 75 000[|03:[75 000 - 150 000[|04:[150 000 - 300 000[|05:[300 000 - 500 000[|06:[500 000 - 800 000[|07:[800 000 - 1 000 000[|08:Plus d'un million,questionnaire,export_coso.zip!Questionnaire/Preview/Original Questionnaire_COSO_V5.html
9,H,H. REVENU ET CARACTERISTIQUES DE L'ENTREPRISE,6,H4,single-select,"H4. Cette activité/entreprise est-elle enregistrée (par exemple auprès des impôts, du registre de commerce, ou des autorités locales) ?",consentement==1 && EMPLOYE==1,"F1.InList(2,3,4)","(consentement==1 && EMPLOYE==1) && (F1.InList(2,3,4))",,,,01:Oui|02:Non|03:Ne sait pas,questionnaire,export_coso.zip!Questionnaire/Preview/Original Questionnaire_COSO_V5.html
9,H,H. REVENU ET CARACTERISTIQUES DE L'ENTREPRISE,7,H4A,numeric: integer,"H4A. Combien de travailleurs rémunérés avez-vous actuellement, sans vous compter vous-même ?",consentement==1 && EMPLOYE==1,"F1.InList(2,3)","(consentement==1 && EMPLOYE==1) && (F1.InList(2,3))",,,,,questionnaire,export_coso.zip!Questionnaire/Preview/Original Questionnaire_COSO_V5.html
9,H,H. REVENU ET CARACTERISTIQUES DE L'ENTREPRISE,8,H5,numeric: integer,"H5. Environ combien avez-vous personnellement gagné ou retiré de cette activité le mois dernier, après déduction des dépenses de base — donnez simplement votre meilleure estimation ?",consentement==1 && EMPLOYE==1,"F1.InList(2,3,4)","(consentement==1 && EMPLOYE==1) && (F1.InList(2,3,4))",self>0,La valeur doit être positive,,999999:Ne veut pas dire,questionnaire,export_coso.zip!Questionnaire/Preview/Original Questionnaire_COSO_V5.html
9,H,H. REVENU ET CARACTERISTIQUES DE L'ENTREPRISE,9,H5A,single-select,H5A. Pouvez-vous indiquer la tranche svp ?,consentement==1 && EMPLOYE==1,H5==999999,(consentement==1 && EMPLOYE==1) && (H5==999999),,,,01:Moins de 30 000|02:[30 000 - 75 000[|03:[75 000 - 150 000[|04:[150 000 - 300 000[|05:[300 000 - 500 000[|06:[500 000 - 800 000[|07:[800 000 - 1 000 000[|08:Plus d'un million,questionnaire,export_coso.zip!Questionnaire/Preview/Original Questionnaire_COSO_V5.html
9,H,H. REVENU ET CARACTERISTIQUES DE L'ENTREPRISE,10,HHH_fin,date: current time,HHH_fin. Heure de fin,consentement==1 && EMPLOYE==1,,(consentement==1 && EMPLOYE==1),,,,,questionnaire,export_coso.zip!Questionnaire/Preview/Original Questionnaire_COSO_V5.html
10,I,I. RECHERCHE D’UN AUTRE EMPLOI,1,HHI_debut,date: current time,HHI_debut. Heure de début,consentement==1 && EMPLOYE==1,,(consentement==1 && EMPLOYE==1),,,,,questionnaire,export_coso.zip!Questionnaire/Preview/Original Questionnaire_COSO_V5.html
10,I,I. RECHERCHE D’UN AUTRE EMPLOI,2,I1,single-select,"I1. Bien que vous travailliez actuellement, recherchez-vous activement un autre emploi ou une autre activité ?",consentement==1 && EMPLOYE==1,,(consentement==1 && EMPLOYE==1),,,,01:Oui|02:Non,questionnaire,export_coso.zip!Questionnaire/Preview/Original Questionnaire_COSO_V5.html
10,I,I. RECHERCHE D’UN AUTRE EMPLOI,3,I2,single-select,I2. Quelle est la principale raison ?,consentement==1 && EMPLOYE==1,I1==1,(consentement==1 && EMPLOYE==1) && (I1==1),,,,01:Revenu insuffisant dans l’emploi actuel|02:Emploi actuel instable/temporaire|03:Je veux un emploi qui correspond mieux à mes compétences|04:Je veux simplement un meilleur emploi|05:Autre,questionnaire,export_coso.zip!Questionnaire/Preview/Original Questionnaire_COSO_V5.html
10,I,I. RECHERCHE D’UN AUTRE EMPLOI,4,I2X,text,I2X. Préciser l'autre raison,consentement==1 && EMPLOYE==1,I2==5,(consentement==1 && EMPLOYE==1) && (I2==5),,,,,questionnaire,export_coso.zip!Questionnaire/Preview/Original Questionnaire_COSO_V5.html
10,I,I. RECHERCHE D’UN AUTRE EMPLOI,5,I3,single-select,I3. Qu’avez-vous fait principalement pour chercher cet autre emploi ?,consentement==1 && EMPLOYE==1,I1==1,(consentement==1 && EMPLOYE==1) && (I1==1),,,,"01:Candidature spontanée auprès d’employeurs|02:Réponse à une offre d’emploi (en ligne, journal, affiche)|03:Inscription auprès d’une agence (Agence Emploi Jeunes, etc.)|04:Réseau personnel (famille, amis)|05:Concours/test pour le secteur public|06:Démarches pour créer sa propre entreprise|09:Autre",questionnaire,export_coso.zip!Questionnaire/Preview/Original Questionnaire_COSO_V5.html
10,I,I. RECHERCHE D’UN AUTRE EMPLOI,6,I3X,text,I3X. Préciser l'autre action,consentement==1 && EMPLOYE==1,I3==9,(consentement==1 && EMPLOYE==1) && (I3==9),,,,,questionnaire,export_coso.zip!Questionnaire/Preview/Original Questionnaire_COSO_V5.html
10,I,I. RECHERCHE D’UN AUTRE EMPLOI,7,HHI_fin,date: current time,HHI_debut. Heure de fin,consentement==1 && EMPLOYE==1,,(consentement==1 && EMPLOYE==1),,,,,questionnaire,export_coso.zip!Questionnaire/Preview/Original Questionnaire_COSO_V5.html
11,J,J. CHOMAGE – DUREE ET RECHERCHE D’EMPLOI,1,HHJ_debut,date: current time,HHJ_debut. Heure de début,consentement==1 && EMPLOYE==0,,(consentement==1 && EMPLOYE==0),,,,,questionnaire,export_coso.zip!Questionnaire/Preview/Original Questionnaire_COSO_V5.html
11,J,J. CHOMAGE – DUREE ET RECHERCHE D’EMPLOI,2,J0,single-select,"J0. Au cours des 30 derniers jours, avez-vous cherché un emploi salarié ou indépendant, ou essayé de démarrer une activité génératrice de revenus (petit commerce, atelier, exploitation agricole, etc.) ?",consentement==1 && EMPLOYE==0,,(consentement==1 && EMPLOYE==0),,,,01:Oui|02:Non,questionnaire,export_coso.zip!Questionnaire/Preview/Original Questionnaire_COSO_V5.html
11,J,J. CHOMAGE – DUREE ET RECHERCHE D’EMPLOI,3,J0A,single-select,J0A. Quelle est la principale raison pour laquelle vous n'avez pas cherché d'emploi ni essayé de démarrer une activité au cours des 30 derniers jours ?,consentement==1 && EMPLOYE==0,J0==2,(consentement==1 && EMPLOYE==0) && (J0==2),,,,"01:Vous ne pensiez pas en trouver, vous étiez découragé(e)|02:Vous pensiez qu'il n'y avait pas d'emploi disponible correspondant à vos compétences dans votre zone|03:Vous suiviez (ou aviez le projet de suivre) des études ou une formation|04:Problèmes de santé ou situation de handicap|05:Obligations familiales (enfants, proches)|06:Vous attendiez le début de la saison agricole|07:Vous attendiez le résultat de démarches antérieures (emploi, concours, programme)|08:Vous avez déjà trouvé un emploi ou une activité qui commencera dans les trois prochains mois|09:Autre (préciser)",questionnaire,export_coso.zip!Questionnaire/Preview/Original Questionnaire_COSO_V5.html
11,J,J. CHOMAGE – DUREE ET RECHERCHE D’EMPLOI,4,J0B,single-select,"J0B. À l'heure actuelle, souhaiteriez-vous travailler ?",consentement==1 && EMPLOYE==0,J0==2,(consentement==1 && EMPLOYE==0) && (J0==2),,,,01:Oui|02:Non,questionnaire,export_coso.zip!Questionnaire/Preview/Original Questionnaire_COSO_V5.html
11,J,J. CHOMAGE – DUREE ET RECHERCHE D’EMPLOI,5,J1,single-select,J1. Qu’avez-vous fait principalement au cours des 30 derniers jours pour trouver un emploi ou démarrer une entreprise ?,consentement==1 && EMPLOYE==0,J0==1,(consentement==1 && EMPLOYE==0) && (J0==1),,,,"01:Candidature spontanée auprès d’employeurs|02:Réponse à une offre d’emploi (en ligne, journal, affiche)|03:Inscription auprès d’une agence (Agence Emploi Jeunes, etc.)|04:Réseau personnel (famille, amis)|05:Concours/test pour le secteur public|06:Démarches pour créer sa propre entreprise|09:Autre",questionnaire,export_coso.zip!Questionnaire/Preview/Original Questionnaire_COSO_V5.html
11,J,J. CHOMAGE – DUREE ET RECHERCHE D’EMPLOI,6,J1X,text,J1X. Préciser l'autre action,consentement==1 && EMPLOYE==0,J1==9,(consentement==1 && EMPLOYE==0) && (J1==9),,,,,questionnaire,export_coso.zip!Questionnaire/Preview/Original Questionnaire_COSO_V5.html
11,J,J. CHOMAGE – DUREE ET RECHERCHE D’EMPLOI,7,J2,single-select,J2. Depuis combien de temps êtes-vous sans emploi et en recherche ?,consentement==1 && EMPLOYE==0,J0==1,(consentement==1 && EMPLOYE==0) && (J0==1),,,,01:Moins d’1 mois|02:1 mois à moins de 3 mois|03:3 mois à moins de 6 mois|04:6 mois à moins de 12 mois|05:1 an à moins de 2 ans|06:2 ans ou plus,questionnaire,export_coso.zip!Questionnaire/Preview/Original Questionnaire_COSO_V5.html
11,J,J. CHOMAGE – DUREE ET RECHERCHE D’EMPLOI,8,J3,single-select,"J3. Si vous aviez trouvé un emploi la semaine dernière, auriez-vous pu commencer dans les deux semaines suivantes ?",consentement==1 && EMPLOYE==0,J0==2,(consentement==1 && EMPLOYE==0) && (J0==2),,,,01:Oui|02:Non,questionnaire,export_coso.zip!Questionnaire/Preview/Original Questionnaire_COSO_V5.html
11,J,J. CHOMAGE – DUREE ET RECHERCHE D’EMPLOI,9,HHJ_fin,date: current time,HHJ_fin. Heure de fin,consentement==1 && EMPLOYE==0,,(consentement==1 && EMPLOYE==0),,,,,questionnaire,export_coso.zip!Questionnaire/Preview/Original Questionnaire_COSO_V5.html
12,K,K. ENTREPRENEURIAT,1,HHK_debut,date: current time,HHK_debut. Heure de début,(HHI_fin!=null || HHJ_fin!=null) && consentement==1,,((HHI_fin!=null || HHJ_fin!=null) && consentement==1),,,,,questionnaire,export_coso.zip!Questionnaire/Preview/Original Questionnaire_COSO_V5.html
12,K,K. ENTREPRENEURIAT,2,K1,single-select,"K1. Avez-vous personnellement déjà créé votre propre activité génératrice de revenus, entreprise ou affaire — qu’elle soit toujours active, qu’elle ait fermé depuis, ou qu’il s’agisse de votre emploi actuel ?",(HHI_fin!=null || HHJ_fin!=null) && consentement==1,,((HHI_fin!=null || HHJ_fin!=null) && consentement==1),,,,01:Oui|02:Non,questionnaire,export_coso.zip!Questionnaire/Preview/Original Questionnaire_COSO_V5.html
12,K,K. ENTREPRENEURIAT,3,K2,single-select,K2. Souhaiteriez-vous créer votre propre activité génératrice de revenus ou entreprise à l’avenir ?,(HHI_fin!=null || HHJ_fin!=null) && consentement==1,K1==2,((HHI_fin!=null || HHJ_fin!=null) && consentement==1) && (K1==2),,,,01:Oui|02:Non,questionnaire,export_coso.zip!Questionnaire/Preview/Original Questionnaire_COSO_V5.html
12,K,K. ENTREPRENEURIAT,4,K3,single-select,K3. Quelle a été la principale source d’argent utilisée pour démarrer cette activité ?,(HHI_fin!=null || HHJ_fin!=null) && consentement==1,K1==1,((HHI_fin!=null || HHJ_fin!=null) && consentement==1) && (K1==1),,,,01:Épargne personnelle|02:Aide familiale|03:Microfinance/coopérative d’épargne (COOPEC)|04:Programme gouvernemental (AGR/Agence Emploi Jeunes)|05:Prêt bancaire|06:ONG/organisation humanitaire|09:Autre,questionnaire,export_coso.zip!Questionnaire/Preview/Original Questionnaire_COSO_V5.html
12,K,K. ENTREPRENEURIAT,5,K3X,text,K3X. Préciser l'autre source,(HHI_fin!=null || HHJ_fin!=null) && consentement==1,K3==9,((HHI_fin!=null || HHJ_fin!=null) && consentement==1) && (K3==9),,,,,questionnaire,export_coso.zip!Questionnaire/Preview/Original Questionnaire_COSO_V5.html
12,K,K. ENTREPRENEURIAT,6,K4,single-select,K4. Quelle serait selon vous votre principale source de financement si vous deviez créer cette activité ?,(HHI_fin!=null || HHJ_fin!=null) && consentement==1,K1==2 && K2==1,((HHI_fin!=null || HHJ_fin!=null) && consentement==1) && (K1==2 && K2==1),,,,01:Épargne personnelle|02:Aide familiale|03:Microfinance/coopérative d’épargne (COOPEC)|04:Programme gouvernemental (AGR/Agence Emploi Jeunes)|05:Prêt bancaire|06:ONG/organisation humanitaire|07:Ne sait pas|09:Autre,questionnaire,export_coso.zip!Questionnaire/Preview/Original Questionnaire_COSO_V5.html
12,K,K. ENTREPRENEURIAT,7,K4X,text,K4X. Préciser l'autre source,(HHI_fin!=null || HHJ_fin!=null) && consentement==1,K4==9,((HHI_fin!=null || HHJ_fin!=null) && consentement==1) && (K4==9),,,,,questionnaire,export_coso.zip!Questionnaire/Preview/Original Questionnaire_COSO_V5.html
12,K,K. ENTREPRENEURIAT,8,K5,multi-select,K5. Quelles sont les principales raisons pour lesquelles vous n’avez pas encore créé cette activité ? (Plusieurs réponses possibles),(HHI_fin!=null || HHJ_fin!=null) && consentement==1,K1==2 && K2==1,((HHI_fin!=null || HHJ_fin!=null) && consentement==1) && (K1==2 && K2==1),,,,"01:Manque de capital/financement|02:Manque de compétences/savoir-faire entrepreneurial|03:Manque d’équipement ou de local|04:Manque de marché/demande pour cette idée|05:Obligations/responsabilités familiales|06:Peur de l’échec/du risque|07:Obstacles administratifs/juridiques (permis, enregistrement)|09:Autre",questionnaire,export_coso.zip!Questionnaire/Preview/Original Questionnaire_COSO_V5.html
12,K,K. ENTREPRENEURIAT,9,K5X,text,K5X. Préciser l'autre raison,(HHI_fin!=null || HHJ_fin!=null) && consentement==1,K5.Contains(9),((HHI_fin!=null || HHJ_fin!=null) && consentement==1) && (K5.Contains(9)),,,,,questionnaire,export_coso.zip!Questionnaire/Preview/Original Questionnaire_COSO_V5.html
12,K,K. ENTREPRENEURIAT,10,K6,single-select,K6. Avez-vous déjà reçu une formation spécifiquement en entrepreneuriat ou en gestion d’entreprise (distincte d’une formation technique/professionnelle) ?,(HHI_fin!=null || HHJ_fin!=null) && consentement==1,,((HHI_fin!=null || HHJ_fin!=null) && consentement==1),,,,01:Oui|02:Non,questionnaire,export_coso.zip!Questionnaire/Preview/Original Questionnaire_COSO_V5.html
12,K,K. ENTREPRENEURIAT,11,K7,single-select,"K7. Comment évaluez-vous vos propres compétences pour gérer une activité génératrice de revenus (par exemple : tenue de comptes de base, fixation des prix, gestion de la clientèle) ?",(HHI_fin!=null || HHJ_fin!=null) && consentement==1,,((HHI_fin!=null || HHJ_fin!=null) && consentement==1),,,,01:Très faibles|02:Faibles|03:Moyennes|04:Bonnes|05:Très bonnes,questionnaire,export_coso.zip!Questionnaire/Preview/Original Questionnaire_COSO_V5.html
12,K,K. ENTREPRENEURIAT,12,HHK_fin,date: current time,HHK_fin. Heure de fin,(HHI_fin!=null || HHJ_fin!=null) && consentement==1,,((HHI_fin!=null || HHJ_fin!=null) && consentement==1),,,,,questionnaire,export_coso.zip!Questionnaire/Preview/Original Questionnaire_COSO_V5.html
13,L,L. INCLUSION FINANCIERE & EPARGNE,1,HHL_debut,date: current time,HHL_debut. Heure de début,HHK_fin!=null && consentement==1,,(HHK_fin!=null && consentement==1),,,,,questionnaire,export_coso.zip!Questionnaire/Preview/Original Questionnaire_COSO_V5.html
13,L,L. INCLUSION FINANCIERE & EPARGNE,2,L1,single-select,L1. Possédez-vous un compte Mobile Money ?,HHK_fin!=null && consentement==1,,(HHK_fin!=null && consentement==1),,,,01:Oui|02:Non,questionnaire,export_coso.zip!Questionnaire/Preview/Original Questionnaire_COSO_V5.html
13,L,L. INCLUSION FINANCIERE & EPARGNE,3,L2,single-select,L2. Possédez-vous un compte bancaire ?,HHK_fin!=null && consentement==1,,(HHK_fin!=null && consentement==1),,,,01:Oui|02:Non,questionnaire,export_coso.zip!Questionnaire/Preview/Original Questionnaire_COSO_V5.html
13,L,L. INCLUSION FINANCIERE & EPARGNE,4,L3,single-select,L3. Mettez-vous régulièrement de l'argent de côté (épargne) ?,HHK_fin!=null && consentement==1,,(HHK_fin!=null && consentement==1),,,,"01:Oui, régulièrement|02:Oui, occasionnellement|03:Non, jamais",questionnaire,export_coso.zip!Questionnaire/Preview/Original Questionnaire_COSO_V5.html
13,L,L. INCLUSION FINANCIERE & EPARGNE,5,L4,numeric: integer,L4. Environ combien metez-vous de côté dans uns mois typique ?,HHK_fin!=null && consentement==1,L3==1 || L3==2,(HHK_fin!=null && consentement==1) && (L3==1 || L3==2),,,,999998:Ne sait pas / ça varie,questionnaire,export_coso.zip!Questionnaire/Preview/Original Questionnaire_COSO_V5.html
13,L,L. INCLUSION FINANCIERE & EPARGNE,6,L5,single-select,L5. Où conservez-vous principalement votre épargne ?,HHK_fin!=null && consentement==1,L3==1 || L3==2,(HHK_fin!=null && consentement==1) && (L3==1 || L3==2),,,,01:Domicile (cash)|02:Tontine/AVEC|03:Compte bancaire|04:Mobile money|05:Autres (à préciser),questionnaire,export_coso.zip!Questionnaire/Preview/Original Questionnaire_COSO_V5.html
13,L,L. INCLUSION FINANCIERE & EPARGNE,7,L5X,text,L5X. Précisez l'autre endroit où vous épargnez,HHK_fin!=null && consentement==1,L5==5,(HHK_fin!=null && consentement==1) && (L5==5),,,,,questionnaire,export_coso.zip!Questionnaire/Preview/Original Questionnaire_COSO_V5.html
13,L,L. INCLUSION FINANCIERE & EPARGNE,8,L6,single-select,"L6. Avez-vous actuellement un prêt ou une dette en cours — auprès d’une banque, une institution de microfinance, un crédit mobile money, une tontine/AVEC, la famille/des amis, ou toute autre personne ?",HHK_fin!=null && consentement==1,,(HHK_fin!=null && consentement==1),,,,01:Oui|02:Non,questionnaire,export_coso.zip!Questionnaire/Preview/Original Questionnaire_COSO_V5.html
13,L,L. INCLUSION FINANCIERE & EPARGNE,9,L7,single-select,L7. Quelle est la principale source de ce prêt/cette dette ?,HHK_fin!=null && consentement==1,L6==1,(HHK_fin!=null && consentement==1) && (L6==1),,,,01:Banque|02:Institution de microfinance/COOPEC|03:Crédit mobile money|04:Tontine/AVEC|05:Famille ou amis|06:Employeur|07:Prêteur informel|09:Autre,questionnaire,export_coso.zip!Questionnaire/Preview/Original Questionnaire_COSO_V5.html
13,L,L. INCLUSION FINANCIERE & EPARGNE,10,L7X,text,L7X. Préciser l'autre source,HHK_fin!=null && consentement==1,L7==9,(HHK_fin!=null && consentement==1) && (L7==9),,,,,questionnaire,export_coso.zip!Questionnaire/Preview/Original Questionnaire_COSO_V5.html
13,L,L. INCLUSION FINANCIERE & EPARGNE,11,L8,numeric: integer,L8. Environ combien devez-vous au total actuellement ?,HHK_fin!=null && consentement==1,L6==1,(HHK_fin!=null && consentement==1) && (L6==1),,,,99998:Ne sait pas,questionnaire,export_coso.zip!Questionnaire/Preview/Original Questionnaire_COSO_V5.html
13,L,L. INCLUSION FINANCIERE & EPARGNE,12,L9,single-select,L9. Quel était le principal motif de ce prêt ?,HHK_fin!=null && consentement==1,L6==1,(HHK_fin!=null && consentement==1) && (L6==1),,,,01:Démarrer ou développer une activité|02:Couvrir des besoins quotidiens/du ménage|03:Éducation/frais de scolarité|04:Santé/dépenses médicales|05:Logement|09:Autre,questionnaire,export_coso.zip!Questionnaire/Preview/Original Questionnaire_COSO_V5.html
13,L,L. INCLUSION FINANCIERE & EPARGNE,13,HHL_fin,date: current time,HHL_fin. Heure de fin,HHK_fin!=null && consentement==1,,(HHK_fin!=null && consentement==1),,,,,questionnaire,export_coso.zip!Questionnaire/Preview/Original Questionnaire_COSO_V5.html
14,M,M. CHANGEMENT DE STATUT,1,HHM_debut,date: current time,HHM_debut. Heure de début,HHL_fin!=null && consentement==1,,(HHL_fin!=null && consentement==1),,,,,questionnaire,export_coso.zip!Questionnaire/Preview/Original Questionnaire_COSO_V5.html
14,M,M. CHANGEMENT DE STATUT,2,M1,single-select,M1. Comment est-ce que tu gagnes ta vie ou tu t'en sors financièrement en ce moment ?,HHL_fin!=null && consentement==1,,(HHL_fin!=null && consentement==1),,,,01:Je dépends principalement de l’aide d’autrui|02:Je me prends en charge pour certains de mes besoins|03:Je suis capable de me prendre en charge complètement,questionnaire,export_coso.zip!Questionnaire/Preview/Original Questionnaire_COSO_V5.html
14,M,M. CHANGEMENT DE STATUT,3,M2,single-select,"M2. Au cours des 12 derniers mois, avez-vous reçu une aide financière ou matérielle externe (famille, ONG, État) pour couvrir vos besoins de base ?",HHL_fin!=null && consentement==1,,(HHL_fin!=null && consentement==1),,,,"01:Oui, régulièrement|02:Oui, ponctuellement|03:Non, jamais",questionnaire,export_coso.zip!Questionnaire/Preview/Original Questionnaire_COSO_V5.html
14,M,M. CHANGEMENT DE STATUT,4,M3,single-select,"M3. Votre entourage (famille, communauté) vous perçoit comme une personne qui contribue économiquement ?",HHL_fin!=null && consentement==1,,(HHL_fin!=null && consentement==1),,,,01:Pas du tout d’accord|02:Plutôt pas d’accord|03:Neutre|04:Plutôt d’accord|05:Tout à fait d’accord,questionnaire,export_coso.zip!Questionnaire/Preview/Original Questionnaire_COSO_V5.html
14,M,M. CHANGEMENT DE STATUT,5,M4,single-select,"M4. Si vous deviez vous projeter dans 12 mois, vous voyez-vous plutôt quelqu’un qui arrive à se prendre en charge ou comme dépendant d’une aide extérieure ?",HHL_fin!=null && consentement==1,,(HHL_fin!=null && consentement==1),,,,01:Je dépends principalement de l’aide d’autrui|02:Je me prends en charge pour certains de mes besoins|03:Je suis capable de me prendre en charge complètement,questionnaire,export_coso.zip!Questionnaire/Preview/Original Questionnaire_COSO_V5.html
14,M,M. CHANGEMENT DE STATUT,6,HHM_fin,date: current time,HHM_fin,HHL_fin!=null && consentement==1,,(HHL_fin!=null && consentement==1),,,,,questionnaire,export_coso.zip!Questionnaire/Preview/Original Questionnaire_COSO_V5.html
15,N,N. RESILIENCE FACE AUX CHOCS,1,HHN_debut,date: current time,HHN_debut. Heure de début,HHM_fin!=null && consentement==1,,(HHM_fin!=null && consentement==1),,,,,questionnaire,export_coso.zip!Questionnaire/Preview/Original Questionnaire_COSO_V5.html
15,N,N. RESILIENCE FACE AUX CHOCS,2,N1,single-select,"N1. Au cours des 12 derniers mois, votre ménage a-t-il été affecté par un choc économique/problème ou autre (maladie, mauvaise récolte, perte d'emploi, catastrophe, etc.) ?",HHM_fin!=null && consentement==1,,(HHM_fin!=null && consentement==1),,,,01:Oui|02:Non,questionnaire,export_coso.zip!Questionnaire/Preview/Original Questionnaire_COSO_V5.html
15,N,N. RESILIENCE FACE AUX CHOCS,3,N2,single-select,N2. Quel a été le choc/problème le plus important subi ?,HHM_fin!=null && consentement==1,N1==1,(HHM_fin!=null && consentement==1) && (N1==1),,,,"01:Maladie/accident|02:Choc climatique (sécheresse, inondation)|03:Perte d'activité/emploi|04:Décès d'un membre du ménage|05:Catastrophe naturelle|09:Autre (préciser)",questionnaire,export_coso.zip!Questionnaire/Preview/Original Questionnaire_COSO_V5.html
15,N,N. RESILIENCE FACE AUX CHOCS,4,N2X,text,N2X. Autre à préciser,HHM_fin!=null && consentement==1,N2==9,(HHM_fin!=null && consentement==1) && (N2==9),,,,,questionnaire,export_coso.zip!Questionnaire/Preview/Original Questionnaire_COSO_V5.html
15,N,N. RESILIENCE FACE AUX CHOCS,5,N3,single-select,N3. Quel a été l'impact/la conséquence de ce choc sur votre revenu ou votre activité ?,HHM_fin!=null && consentement==1,N1==1,(HHM_fin!=null && consentement==1) && (N1==1),,,,"01:Aucun impact|02:Impact limité, vite surmonté|03:Impact important, encore en cours de redressement|04:Impact très important, activité arrêtée ou fortement réduite",questionnaire,export_coso.zip!Questionnaire/Preview/Original Questionnaire_COSO_V5.html
15,N,N. RESILIENCE FACE AUX CHOCS,6,N4,single-select,N4. Comment avez-vous principalement fait face à ce choc/problème ?,HHM_fin!=null && consentement==1,N1==1,(HHM_fin!=null && consentement==1) && (N1==1),,,,"01:Épargne personnelle|02:Vente d'actifs/biens|03:Emprunt/crédit|04:Aide familiale ou communautaire|05:Aide externe (ONG, État)|06:Réduction de la consommation|09:Autre",questionnaire,export_coso.zip!Questionnaire/Preview/Original Questionnaire_COSO_V5.html
15,N,N. RESILIENCE FACE AUX CHOCS,7,N4X,text,N4X. Autre à préciser,HHM_fin!=null && consentement==1,N4==9,(HHM_fin!=null && consentement==1) && (N4==9),,,,,questionnaire,export_coso.zip!Questionnaire/Preview/Original Questionnaire_COSO_V5.html
15,N,N. RESILIENCE FACE AUX CHOCS,8,N5,single-select,N5. Combien de temps a-t-il fallu pour que votre activité ou votre revenu revienne à son niveau d'avant le choc ?,HHM_fin!=null && consentement==1,N1==1,(HHM_fin!=null && consentement==1) && (N1==1),,,,01:Moins d'1 mois|02:1 à 3 mois|03:3 à 6 mois|04:Plus de 6 mois|05:Pas encore rétabli,questionnaire,export_coso.zip!Questionnaire/Preview/Original Questionnaire_COSO_V5.html
15,N,N. RESILIENCE FACE AUX CHOCS,9,N6,single-select,"N6. Si vous deviez couvrir une dépense imprévue de 250 000 FCFA , seriez-vous en mesure de réunir cette somme sans vous endetter lourdement ni vendre un bien essentiel ?",HHM_fin!=null && consentement==1,,(HHM_fin!=null && consentement==1),,,,"01:Oui, facilement|02:Oui, avec difficulté|03:Non, impossible",questionnaire,export_coso.zip!Questionnaire/Preview/Original Questionnaire_COSO_V5.html
15,N,N. RESILIENCE FACE AUX CHOCS,10,N7,single-select,"N7. Globalement, sur une échelle de 1 à 10, comment évaluez-vous votre capacité actuelle à résister à un choc économique ?",HHM_fin!=null && consentement==1,,(HHM_fin!=null && consentement==1),,,,01:1|02:2|03:3|04:4|05:5|06:6|07:7|08:8|09:9|10:10,questionnaire,export_coso.zip!Questionnaire/Preview/Original Questionnaire_COSO_V5.html
15,N,N. RESILIENCE FACE AUX CHOCS,11,HHN_fin,date: current time,HHN_fin. Heure de fin,HHM_fin!=null && consentement==1,,(HHM_fin!=null && consentement==1),,,,,questionnaire,export_coso.zip!Questionnaire/Preview/Original Questionnaire_COSO_V5.html
16,O,O. EXPERIENCE PROFESSIONNELLE ET FORMATIONS,1,HHO_debut,date: current time,HHO_debut. Heure de début,HHN_fin!=null && consentement==1,,(HHN_fin!=null && consentement==1),,,,,questionnaire,export_coso.zip!Questionnaire/Preview/Original Questionnaire_COSO_V5.html
16,O,O. EXPERIENCE PROFESSIONNELLE ET FORMATIONS,2,O1,single-select,"O1. En dehors de votre activité principale actuelle, avez-vous déjà eu un autre emploi ou une autre activité génératrice de revenus auparavant ?",HHN_fin!=null && consentement==1,HHO_debut!=null,(HHN_fin!=null && consentement==1) && (HHO_debut!=null),,,,01:Oui|02:Non,questionnaire,export_coso.zip!Questionnaire/Preview/Original Questionnaire_COSO_V5.html
16,O,O. EXPERIENCE PROFESSIONNELLE ET FORMATIONS,3,O2,numeric: integer,O2. À quel âge avez-vous commencé votre tout premier emploi ou votre toute première activité génératrice de revenus ?,HHN_fin!=null && consentement==1,O1==1,(HHN_fin!=null && consentement==1) && (O1==1),,,,,questionnaire,export_coso.zip!Questionnaire/Preview/Original Questionnaire_COSO_V5.html
16,O,O. EXPERIENCE PROFESSIONNELLE ET FORMATIONS,4,O3,single-select,"O3. Avez-vous suivi une formation professionnelle ou technique, ou un apprentissage (formel ou informel), au cours des 12 derniers mois ?",HHN_fin!=null && consentement==1,,(HHN_fin!=null && consentement==1),,,,01:Oui|02:Non,questionnaire,export_coso.zip!Questionnaire/Preview/Original Questionnaire_COSO_V5.html
16,O,O. EXPERIENCE PROFESSIONNELLE ET FORMATIONS,5,O4,text,O4. Dans quel métier ou domaine avez-vous suivi cette formation ?,HHN_fin!=null && consentement==1,O3==1,(HHN_fin!=null && consentement==1) && (O3==1),,,,,questionnaire,export_coso.zip!Questionnaire/Preview/Original Questionnaire_COSO_V5.html
16,O,O. EXPERIENCE PROFESSIONNELLE ET FORMATIONS,6,O5,single-select,O5. Qui a principalement dispensé cette formation ?,HHN_fin!=null && consentement==1,O3==1,(HHN_fin!=null && consentement==1) && (O3==1),,,,01:École/centre de formation professionnelle formel|02:Employeur/entreprise privée|03:Programme gouvernemental (ex. Agence Emploi Jeunes)|04:ONG/programme d’alphabétisation ou de compétences de vie|05:Apprentissage informel (famille/membre de la communauté)|06:Apprentissage sur le tas/au travail|09:Autre,questionnaire,export_coso.zip!Questionnaire/Preview/Original Questionnaire_COSO_V5.html
16,O,O. EXPERIENCE PROFESSIONNELLE ET FORMATIONS,7,O6,single-select,O6. Dans quelle mesure cette formation vous a-t-elle été utile pour trouver un emploi ou améliorer vos revenus ?,HHN_fin!=null && consentement==1,O3==1,(HHN_fin!=null && consentement==1) && (O3==1),,,,01:Pas utile|02:Plutôt utilie|03:Très utile,questionnaire,export_coso.zip!Questionnaire/Preview/Original Questionnaire_COSO_V5.html
16,O,O. EXPERIENCE PROFESSIONNELLE ET FORMATIONS,8,HHO_fin,date: current time,HHO_fin. Heure de début,HHN_fin!=null && consentement==1,,(HHN_fin!=null && consentement==1),,,,,questionnaire,export_coso.zip!Questionnaire/Preview/Original Questionnaire_COSO_V5.html
17,P,P. ASPIRATIONS PROFESSIONNELLES,1,HHP_debut,date: current time,HHP_debut. Heure de début,HHO_fin!=null && consentement==1,,(HHO_fin!=null && consentement==1),,,,,questionnaire,export_coso.zip!Questionnaire/Preview/Original Questionnaire_COSO_V5.html
17,P,P. ASPIRATIONS PROFESSIONNELLES,2,P1,text,N1. Quel métier ou activité souhaiteriez-vous exercer dans les cinq prochaines années ?,HHO_fin!=null && consentement==1,,(HHO_fin!=null && consentement==1),,,,,questionnaire,export_coso.zip!Questionnaire/Preview/Original Questionnaire_COSO_V5.html
17,P,P. ASPIRATIONS PROFESSIONNELLES,3,P2,single-select,"P2. Souhaitez-vous principalement trouver un emploi salarié, créer une entreprise ou développer une activité existante ?",HHO_fin!=null && consentement==1,,(HHO_fin!=null && consentement==1),,,,01:Trouver un emploi salarié|02:Créer une entreprise|03:Développer une activité existante,questionnaire,export_coso.zip!Questionnaire/Preview/Original Questionnaire_COSO_V5.html
17,P,P. ASPIRATIONS PROFESSIONNELLES,4,P3,numeric: integer,P3. Quel revenu mensuel souhaiteriez-vous atteindre ?,HHO_fin!=null && consentement==1,,(HHO_fin!=null && consentement==1),,,,,questionnaire,export_coso.zip!Questionnaire/Preview/Original Questionnaire_COSO_V5.html
17,P,P. ASPIRATIONS PROFESSIONNELLES,5,P4,single-select,P4. Quel secteur d'activité vous intéresse le plus ?,HHO_fin!=null && consentement==1,,(HHO_fin!=null && consentement==1),,,,"01:Agriculture, élevage, pêche, sylviculture|02:Industries extractives|03:Industrie manufacturière|04:Construction/BTP|05:Commerce de gros ou de détail|06:Transport, entreposage, logistique|07:Hébergement et restauration|08:Information, communication, services numériques|09:Activités financières et d’assurance|10:Administration publique|11:Éducation|12:Santé humaine et action sociale|13:Travail domestique chez un particulier|14:Autres services (réparation, services personnels, arts/spectacles)|99:Autre (préciser)",questionnaire,export_coso.zip!Questionnaire/Preview/Original Questionnaire_COSO_V5.html
17,P,P. ASPIRATIONS PROFESSIONNELLES,6,P44X,text,P4X. Préciser l'autre secteur,HHO_fin!=null && consentement==1,P4==99,(HHO_fin!=null && consentement==1) && (P4==99),,,,,questionnaire,export_coso.zip!Questionnaire/Preview/Original Questionnaire_COSO_V5.html
17,P,P. ASPIRATIONS PROFESSIONNELLES,7,P5,text,P5. Quel est selon vous le principal obstacle à la réalisation de vos objectifs professionnels ?,HHO_fin!=null && consentement==1,,(HHO_fin!=null && consentement==1),,,,,questionnaire,export_coso.zip!Questionnaire/Preview/Original Questionnaire_COSO_V5.html
17,P,P. ASPIRATIONS PROFESSIONNELLES,8,HHP_fin,date: current time,HHP_fin. Heure de fin,HHO_fin!=null && consentement==1,,(HHO_fin!=null && consentement==1),,,,,questionnaire,export_coso.zip!Questionnaire/Preview/Original Questionnaire_COSO_V5.html
18,Q,Q.COHESION SOCIALE ET ENGAGEMENT,1,HHQ_debut,date: current time,HHQ_debut. Heure de début,HHP_fin!=null && consentement==1,,(HHP_fin!=null && consentement==1),,,,,questionnaire,export_coso.zip!Questionnaire/Preview/Original Questionnaire_COSO_V5.html
18,Q,Q.COHESION SOCIALE ET ENGAGEMENT,2,Q1,single-select,"Q1. Êtes-vous membre d'une association, coopérative, groupe ou organisation communautaire ?",HHP_fin!=null && consentement==1,,(HHP_fin!=null && consentement==1),,,,01:Oui|02:Non,questionnaire,export_coso.zip!Questionnaire/Preview/Original Questionnaire_COSO_V5.html
18,Q,Q.COHESION SOCIALE ET ENGAGEMENT,3,Q2,text,"Q2. Au cours des 30 derniers jours, combien de fois avez-vous donné de votre temps libre pour une activité d’intérêt général, comme un nettoyage, une collecte de fonds, ou l’organisation d’un événement ?",HHP_fin!=null && consentement==1,,(HHP_fin!=null && consentement==1),,,,,questionnaire,export_coso.zip!Questionnaire/Preview/Original Questionnaire_COSO_V5.html
18,Q,Q.COHESION SOCIALE ET ENGAGEMENT,4,Q3,single-select,"Q3. De manière générale, diriez-vous qu’on peut faire confiance à la plupart des gens, ou qu’il faut être très prudent dans ses relations avec les autres ?",HHP_fin!=null && consentement==1,,(HHP_fin!=null && consentement==1),,,,01:On peut faire confiance à la plupart des gens|02:Il faut être prudent,questionnaire,export_coso.zip!Questionnaire/Preview/Original Questionnaire_COSO_V5.html
18,Q,Q.COHESION SOCIALE ET ENGAGEMENT,5,Q4,single-select,"Q4. Dans quelle mesure faites-vous confiance aux jeunes d’origine différente de la vôtre (région, religion ou ethnie différente) ?",HHP_fin!=null && consentement==1,,(HHP_fin!=null && consentement==1),,,,01:Pas du tout confiance|02:Juste un peu confiance|03:Partiellement confiance|04:Beaucoup confiance|09:Ne sait pas,questionnaire,export_coso.zip!Questionnaire/Preview/Original Questionnaire_COSO_V5.html
18,Q,Q.COHESION SOCIALE ET ENGAGEMENT,6,Q5,single-select,Q5. Dans quelle mesure faites-vous confiance à la police pour agir dans votre intérêt ?,HHP_fin!=null && consentement==1,,(HHP_fin!=null && consentement==1),,,,01:Pas du tout confiance|02:Juste un peu confiance|03:Partiellement confiance|04:Beaucoup confiance|09:Ne sait pas,questionnaire,export_coso.zip!Questionnaire/Preview/Original Questionnaire_COSO_V5.html
18,Q,Q.COHESION SOCIALE ET ENGAGEMENT,7,Q6,single-select,Q6. Dans quelle mesure faites-vous confiance aux forces armées de Côte d’Ivoire pour agir dans votre intérêt ?,HHP_fin!=null && consentement==1,,(HHP_fin!=null && consentement==1),,,,01:Pas du tout confiance|02:Juste un peu confiance|03:Partiellement confiance|04:Beaucoup confiance|09:Ne sait pas,questionnaire,export_coso.zip!Questionnaire/Preview/Original Questionnaire_COSO_V5.html
18,Q,Q.COHESION SOCIALE ET ENGAGEMENT,8,Q7,single-select,Q7. Dans quelle mesure faites-vous confiance aux chefs traditionnels pour agir dans votre intérêt ?,HHP_fin!=null && consentement==1,,(HHP_fin!=null && consentement==1),,,,01:Pas du tout confiance|02:Juste un peu confiance|03:Partiellement confiance|04:Beaucoup confiance|09:Ne sait pas,questionnaire,export_coso.zip!Questionnaire/Preview/Original Questionnaire_COSO_V5.html
18,Q,Q.COHESION SOCIALE ET ENGAGEMENT,9,Q8,single-select,Q8. Dans quelle mesure faites-vous confiance aux chefs religieux pour agir dans votre intérêt ?,HHP_fin!=null && consentement==1,,(HHP_fin!=null && consentement==1),,,,01:Pas du tout confiance|02:Juste un peu confiance|03:Partiellement confiance|04:Beaucoup confiance|09:Ne sait pas,questionnaire,export_coso.zip!Questionnaire/Preview/Original Questionnaire_COSO_V5.html
18,Q,Q.COHESION SOCIALE ET ENGAGEMENT,10,Q9,single-select,"Q9. Dans quelle mesure faites-vous confiance aux autorités gouvernementales locales (par exemple préfecture, sous-préfecture) pour agir dans votre intérêt ?",HHP_fin!=null && consentement==1,,(HHP_fin!=null && consentement==1),,,,01:Pas du tout confiance|02:Juste un peu confiance|03:Partiellement confiance|04:Beaucoup confiance|09:Ne sait pas,questionnaire,export_coso.zip!Questionnaire/Preview/Original Questionnaire_COSO_V5.html
18,Q,Q.COHESION SOCIALE ET ENGAGEMENT,11,Q10,single-select,Q10. Dans quelle mesure faites-vous confiance aux autorités gouvernementales centrales pour agir dans votre intérêt ?,HHP_fin!=null && consentement==1,,(HHP_fin!=null && consentement==1),,,,01:Pas du tout confiance|02:Juste un peu confiance|03:Partiellement confiance|04:Beaucoup confiance|09:Ne sait pas,questionnaire,export_coso.zip!Questionnaire/Preview/Original Questionnaire_COSO_V5.html
18,Q,Q.COHESION SOCIALE ET ENGAGEMENT,12,HHQ_fin,date: current time,HHQ_fin. Heure de fin,HHP_fin!=null && consentement==1,,(HHP_fin!=null && consentement==1),,,,,questionnaire,export_coso.zip!Questionnaire/Preview/Original Questionnaire_COSO_V5.html
19,R,R. SUIVI PANEL,1,HHR_debut,date: current time,HHR_debut. Heure de début,HHQ_fin!=null && consentement==1,,(HHQ_fin!=null && consentement==1),,,,,questionnaire,export_coso.zip!Questionnaire/Preview/Original Questionnaire_COSO_V5.html
19,R,R. SUIVI PANEL,2,R1,single-select,R1. Est-ce que le numéro avec lequel nous vous avons joint aujourd’hui est le meilleur moyen de vous contacter pour les prochaines vagues de cette étude ?,HHQ_fin!=null && consentement==1,,(HHQ_fin!=null && consentement==1),,,,01:Oui|02:Non,questionnaire,export_coso.zip!Questionnaire/Preview/Original Questionnaire_COSO_V5.html
19,R,R. SUIVI PANEL,3,R1A,text,R1A. Quel est le meilleur numéro pour vous contacter à l'avenir ?,HHQ_fin!=null && consentement==1,R1==2,(HHQ_fin!=null && consentement==1) && (R1==2),,,,,questionnaire,export_coso.zip!Questionnaire/Preview/Original Questionnaire_COSO_V5.html
19,R,R. SUIVI PANEL,4,R2,single-select,R2. Avez-vous un autre numéro que nous pourrions essayer si celui-ci ne fonctionne pas ?,HHQ_fin!=null && consentement==1,,(HHQ_fin!=null && consentement==1),,,,01:Oui|02:Non,questionnaire,export_coso.zip!Questionnaire/Preview/Original Questionnaire_COSO_V5.html
19,R,R. SUIVI PANEL,5,R2A,text,R2A. Quel est ce numéro ?,HHQ_fin!=null && consentement==1,R2==1,(HHQ_fin!=null && consentement==1) && (R2==1),,,,,questionnaire,export_coso.zip!Questionnaire/Preview/Original Questionnaire_COSO_V5.html
19,R,R. SUIVI PANEL,6,R3,single-select,R3. Utilisez-vous WhatsApp ?,HHQ_fin!=null && consentement==1,,(HHQ_fin!=null && consentement==1),,,,01:Oui|02:Non,questionnaire,export_coso.zip!Questionnaire/Preview/Original Questionnaire_COSO_V5.html
19,R,R. SUIVI PANEL,7,R3A,single-select,R3A. Ce compte WhatsApp est-il lié au même numéro que nous utiliserons pour vous contacter à l'avenir ?,HHQ_fin!=null && consentement==1,R3==1,(HHQ_fin!=null && consentement==1) && (R3==1),,,,01:Oui|02:Non,questionnaire,export_coso.zip!Questionnaire/Preview/Original Questionnaire_COSO_V5.html
19,R,R. SUIVI PANEL,8,R3B,text,R3B. Quuel numéro est lié à votre compte WhatsApp ?,HHQ_fin!=null && consentement==1,R3A==2,(HHQ_fin!=null && consentement==1) && (R3A==2),,,,,questionnaire,export_coso.zip!Questionnaire/Preview/Original Questionnaire_COSO_V5.html
19,R,R. SUIVI PANEL,9,R4,text,"R4. Pouvez-vous fournir le contact d'une personne pouvant vous joindre facilement, au cas où nous n’arriverions pas à vous contacter directement ?",HHQ_fin!=null && consentement==1,,(HHQ_fin!=null && consentement==1),,,,,questionnaire,export_coso.zip!Questionnaire/Preview/Original Questionnaire_COSO_V5.html
19,R,R. SUIVI PANEL,10,R5,single-select,R5. Acceptez-vous d'être recontacté pour les prochaines vagues de cette étude ?,HHQ_fin!=null && consentement==1,,(HHQ_fin!=null && consentement==1),,,,01:Oui|02:Non,questionnaire,export_coso.zip!Questionnaire/Preview/Original Questionnaire_COSO_V5.html
19,R,R. SUIVI PANEL,11,R6,text,R6. Veuillez nous indiquer un contact sur lequel vous pouvez recevoir un dépôt Wave,HHQ_fin!=null && consentement==1,,(HHQ_fin!=null && consentement==1),,,,,questionnaire,export_coso.zip!Questionnaire/Preview/Original Questionnaire_COSO_V5.html
19,R,R. SUIVI PANEL,12,R7,single-select,R7. A qui appartient ce contact ?,HHQ_fin!=null && consentement==1,R6!=null,(HHQ_fin!=null && consentement==1) && (R6!=null),,,,01:Vous-même|02:Un parent|03:Un ami/connaissance,questionnaire,export_coso.zip!Questionnaire/Preview/Original Questionnaire_COSO_V5.html
19,R,R. SUIVI PANEL,13,HHR_fin,date: current time,HHR_fin. Heure de fin,HHQ_fin!=null && consentement==1,,(HHQ_fin!=null && consentement==1),,,,,questionnaire,export_coso.zip!Questionnaire/Preview/Original Questionnaire_COSO_V5.html
