"rule_id","section_code","check_type","variable","source_regle","scope_source","decision_status","action","anomaly_count","report_path","access_level","evaluation_status","evaluation_message","correction_applied"
"COH_Q2_NUMERIC","Q","codification","Q2","donnee_observee/metier_propose","hypothese_apurement","a_valider","codification_manuelle",48,"document/50_metier_propose/coh_q2_numeric.xlsx","interne","OK","",FALSE
"DEM_AGE_DOMAIN","C","domaine","age","metier_propose","hypothese_apurement","a_valider","export_excel_diagnostic",0,"","interne","OK","",FALSE
"DEM_AGE_TARGET","C","ciblage","age","PAD/metier_propose","hypothese_apurement","a_valider","revoir_ciblage",111,"document/50_metier_propose/dem_age_target.xlsx","interne","OK","",FALSE
"EMP_H4A_LARGE","H","plausibilite","H4A","metier_propose","hypothese_apurement","a_valider","export_excel_diagnostic",3,"document/50_metier_propose/emp_h4a_large.xlsx","interne","OK","",FALSE
"EMP_HOURS_OVER_84","G","plausibilite","G3","metier_propose","hypothese_apurement","a_valider","export_excel_diagnostic",17,"document/50_metier_propose/emp_hours_over_84.xlsx","interne","OK","",FALSE
"INCOME_H5_LARGE","H","plausibilite","H5","metier_propose","hypothese_apurement","a_valider","export_excel_diagnostic",0,"","interne","OK","",FALSE
"Q_A_A1_DOMAIN","A","domaine","A1","questionnaire","hypothese_apurement","documente_questionnaire","export_excel_diagnostic",0,"","interne","OK","",FALSE
"Q_A_A1_MISSING","A","manquant_univers","A1","questionnaire","hypothese_apurement","documente_questionnaire","export_excel_diagnostic",2,"document/02_A/Q_A_A1_MISSING.xlsx","interne","OK","",FALSE
"Q_A_A1_SKIP","A","saut_univers","A1","questionnaire","hypothese_apurement","documente_questionnaire","export_excel_diagnostic",0,"","interne","OK","",FALSE
"Q_A_A2_date_MISSING","A","manquant_univers","A2_date","questionnaire","hypothese_apurement","documente_questionnaire","export_excel_diagnostic",2,"document/02_A/Q_A_A2_date_MISSING.xlsx","interne","OK","",FALSE
"Q_A_A2_date_SKIP","A","saut_univers","A2_date","questionnaire","hypothese_apurement","documente_questionnaire","export_excel_diagnostic",0,"","interne","OK","",FALSE
"Q_A_A2_heure_MISSING","A","manquant_univers","A2_heure","questionnaire","hypothese_apurement","documente_questionnaire","export_excel_diagnostic",2,"document/02_A/Q_A_A2_heure_MISSING.xlsx","interne","OK","",FALSE
"Q_A_A2_heure_SKIP","A","saut_univers","A2_heure","questionnaire","hypothese_apurement","documente_questionnaire","export_excel_diagnostic",0,"","interne","OK","",FALSE
"Q_A_A4_DOMAIN","A","domaine","A4","questionnaire","hypothese_apurement","documente_questionnaire","export_excel_diagnostic",0,"","interne","OK","",FALSE
"Q_A_A4_MISSING","A","manquant_univers","A4","questionnaire","hypothese_apurement","documente_questionnaire","export_excel_diagnostic",6,"document/02_A/Q_A_A4_MISSING.xlsx","interne","OK","",FALSE
"Q_A_A4_SKIP","A","saut_univers","A4","questionnaire","hypothese_apurement","documente_questionnaire","export_excel_diagnostic",0,"","interne","OK","",FALSE
"Q_A_A4X_MISSING","A","manquant_univers","A4X","questionnaire","hypothese_apurement","documente_questionnaire","export_excel_diagnostic",0,"","interne","OK","",FALSE
"Q_A_A4X_SKIP","A","saut_univers","A4X","questionnaire","hypothese_apurement","documente_questionnaire","export_excel_diagnostic",0,"","interne","OK","",FALSE
"Q_A_A5_date_MISSING","A","manquant_univers","A5_date","questionnaire","hypothese_apurement","documente_questionnaire","export_excel_diagnostic",0,"","interne","OK","",FALSE
"Q_A_A5_date_SKIP","A","saut_univers","A5_date","questionnaire","hypothese_apurement","documente_questionnaire","export_excel_diagnostic",0,"","interne","OK","",FALSE
"Q_A_A5_heure_MISSING","A","manquant_univers","A5_heure","questionnaire","hypothese_apurement","documente_questionnaire","export_excel_diagnostic",0,"","interne","OK","",FALSE
"Q_A_A5_heure_SKIP","A","saut_univers","A5_heure","questionnaire","hypothese_apurement","documente_questionnaire","export_excel_diagnostic",0,"","interne","OK","",FALSE
"Q_A_HHA_debut_MISSING","A","manquant_univers","HHA_debut","questionnaire","hypothese_apurement","documente_questionnaire","export_excel_diagnostic",0,"","interne","OK","",FALSE
"Q_A_HHA_fin_MISSING","A","manquant_univers","HHA_fin","questionnaire","hypothese_apurement","documente_questionnaire","export_excel_diagnostic",2,"document/02_A/Q_A_HHA_fin_MISSING.xlsx","interne","OK","",FALSE
"Q_A_HHA_fin_SKIP","A","saut_univers","HHA_fin","questionnaire","hypothese_apurement","documente_questionnaire","export_excel_diagnostic",0,"","interne","OK","",FALSE
"Q_A_nom_agent_CASCADE_HIERARCHY_REVIEW","A","coherence_hierarchie_cascade","nom_agent","questionnaire","hypothese_apurement","a_valider","verifier_domaine_et_hierarchie_cascade",0,"","interne","NON_EXECUTEE","A_VALIDER",FALSE
"Q_A_nom_agent_MISSING","A","manquant_univers","nom_agent","questionnaire","hypothese_apurement","documente_questionnaire","export_excel_diagnostic",18,"document/02_A/Q_A_nom_agent_MISSING.xlsx","interne","OK","",FALSE
"Q_A_nom_sup_DOMAIN","A","domaine","nom_sup","questionnaire","hypothese_apurement","documente_questionnaire","export_excel_diagnostic",0,"","interne","OK","",FALSE
"Q_A_nom_sup_MISSING","A","manquant_univers","nom_sup","questionnaire","hypothese_apurement","documente_questionnaire","export_excel_diagnostic",2,"document/02_A/Q_A_nom_sup_MISSING.xlsx","interne","OK","",FALSE
"Q_B_B1_DOMAIN","B","domaine","B1","questionnaire","hypothese_apurement","documente_questionnaire","export_excel_diagnostic",0,"","interne","OK","",FALSE
"Q_B_B1_MISSING","B","manquant_univers","B1","questionnaire","hypothese_apurement","documente_questionnaire","export_excel_diagnostic",36,"document/03_B/Q_B_B1_MISSING.xlsx","interne","OK","",FALSE
"Q_B_B2_CASCADE_HIERARCHY_REVIEW","B","coherence_hierarchie_cascade","B2","questionnaire","hypothese_apurement","a_valider","verifier_domaine_et_hierarchie_cascade",0,"","interne","NON_EXECUTEE","A_VALIDER",FALSE
"Q_B_B2_MISSING","B","manquant_univers","B2","questionnaire","hypothese_apurement","documente_questionnaire","export_excel_diagnostic",36,"document/03_B/Q_B_B2_MISSING.xlsx","interne","OK","",FALSE
"Q_B_B3_CASCADE_HIERARCHY_REVIEW","B","coherence_hierarchie_cascade","B3","questionnaire","hypothese_apurement","a_valider","verifier_domaine_et_hierarchie_cascade",0,"","interne","NON_EXECUTEE","A_VALIDER",FALSE
"Q_B_B3_MISSING","B","manquant_univers","B3","questionnaire","hypothese_apurement","documente_questionnaire","export_excel_diagnostic",41,"document/03_B/Q_B_B3_MISSING.xlsx","interne","OK","",FALSE
"Q_B_B4_CASCADE_HIERARCHY_REVIEW","B","coherence_hierarchie_cascade","B4","questionnaire","hypothese_apurement","a_valider","verifier_domaine_et_hierarchie_cascade",0,"","interne","NON_EXECUTEE","A_VALIDER",FALSE
"Q_B_B4_MISSING","B","manquant_univers","B4","questionnaire","hypothese_apurement","documente_questionnaire","export_excel_diagnostic",42,"document/03_B/Q_B_B4_MISSING.xlsx","interne","OK","",FALSE
"Q_B_B5_DOMAIN","B","domaine","B5","questionnaire","hypothese_apurement","documente_questionnaire","export_excel_diagnostic",0,"","interne","OK","",FALSE
"Q_B_B5_MISSING","B","manquant_univers","B5","questionnaire","hypothese_apurement","documente_questionnaire","export_excel_diagnostic",40,"document/03_B/Q_B_B5_MISSING.xlsx","interne","OK","",FALSE
"Q_B_B6_DOMAIN","B","domaine","B6","questionnaire","hypothese_apurement","documente_questionnaire","export_excel_diagnostic",0,"","interne","OK","",FALSE
"Q_B_B6_MISSING","B","manquant_univers","B6","questionnaire","hypothese_apurement","documente_questionnaire","export_excel_diagnostic",41,"document/03_B/Q_B_B6_MISSING.xlsx","interne","OK","",FALSE
"Q_B_B6A_DOMAIN","B","domaine","B6A","questionnaire","hypothese_apurement","documente_questionnaire","export_excel_diagnostic",0,"","interne","OK","",FALSE
"Q_B_B6A_MISSING","B","manquant_univers","B6A","questionnaire","hypothese_apurement","documente_questionnaire","export_excel_diagnostic",0,"","interne","OK","",FALSE
"Q_B_B6A_SKIP","B","saut_univers","B6A","questionnaire","hypothese_apurement","documente_questionnaire","export_excel_diagnostic",0,"","interne","OK","",FALSE
"Q_B_B6B_DOMAIN","B","domaine","B6B","questionnaire","hypothese_apurement","documente_questionnaire","export_excel_diagnostic",0,"","interne","OK","",FALSE
"Q_B_B6B_MISSING","B","manquant_univers","B6B","questionnaire","hypothese_apurement","documente_questionnaire","export_excel_diagnostic",0,"","interne","OK","",FALSE
"Q_B_B6B_SKIP","B","saut_univers","B6B","questionnaire","hypothese_apurement","documente_questionnaire","export_excel_diagnostic",0,"","interne","OK","",FALSE
"Q_B_B6C_MISSING","B","manquant_univers","B6C","questionnaire","hypothese_apurement","documente_questionnaire","export_excel_diagnostic",0,"","interne","OK","",FALSE
"Q_B_B6C_SKIP","B","saut_univers","B6C","questionnaire","hypothese_apurement","documente_questionnaire","export_excel_diagnostic",0,"","interne","OK","",FALSE
"Q_B_B6D_DOMAIN","B","domaine","B6D","questionnaire","hypothese_apurement","documente_questionnaire","export_excel_diagnostic",0,"","interne","OK","",FALSE
"Q_B_B6D_MISSING","B","manquant_univers","B6D","questionnaire","hypothese_apurement","documente_questionnaire","export_excel_diagnostic",0,"","interne","OK","",FALSE
"Q_B_B6D_SKIP","B","saut_univers","B6D","questionnaire","hypothese_apurement","documente_questionnaire","export_excel_diagnostic",0,"","interne","OK","",FALSE
"Q_B_B6E_DOMAIN","B","domaine","B6E","questionnaire","hypothese_apurement","documente_questionnaire","export_excel_diagnostic",0,"","interne","OK","",FALSE
"Q_B_B6E_MISSING","B","manquant_univers","B6E","questionnaire","hypothese_apurement","documente_questionnaire","export_excel_diagnostic",1,"document/03_B/Q_B_B6E_MISSING.xlsx","interne","OK","",FALSE
"Q_B_B6E_SKIP","B","saut_univers","B6E","questionnaire","hypothese_apurement","documente_questionnaire","export_excel_diagnostic",0,"","interne","OK","",FALSE
"Q_B_B6F_MISSING","B","manquant_univers","B6F","questionnaire","hypothese_apurement","documente_questionnaire","export_excel_diagnostic",0,"","interne","OK","",FALSE
"Q_B_B6F_SKIP","B","saut_univers","B6F","questionnaire","hypothese_apurement","documente_questionnaire","export_excel_diagnostic",0,"","interne","OK","",FALSE
"Q_B_B7_PII","B","confidentialite","B7","questionnaire","hypothese_apurement","restriction_confidentialite","ne_pas_exporter",0,"","interne","NON_EXECUTEE","PII_EXCLUDED",FALSE
"Q_B_consentement_COMPUTED","B","variable_calculee","consentement","questionnaire","hypothese_apurement","documente_questionnaire","documenter_sans_corriger",0,"","interne","NON_EXECUTEE","non_applicable",FALSE
"Q_B_HHB_debut_MISSING","B","manquant_univers","HHB_debut","questionnaire","hypothese_apurement","documente_questionnaire","export_excel_diagnostic",0,"","interne","OK","",FALSE
"Q_B_HHB_fin_MISSING","B","manquant_univers","HHB_fin","questionnaire","hypothese_apurement","documente_questionnaire","export_excel_diagnostic",27,"document/03_B/Q_B_HHB_fin_MISSING.xlsx","interne","OK","",FALSE
"Q_B_HHB_fin_SKIP","B","saut_univers","HHB_fin","questionnaire","hypothese_apurement","documente_questionnaire","export_excel_diagnostic",0,"","interne","OK","",FALSE
"Q_C_age_COMPUTED","C","variable_calculee","age","questionnaire","hypothese_apurement","documente_questionnaire","documenter_sans_corriger",0,"","interne","NON_EXECUTEE","non_applicable",FALSE
"Q_C_C1_DOMAIN","C","domaine","C1","questionnaire","hypothese_apurement","documente_questionnaire","export_excel_diagnostic",0,"","interne","OK","",FALSE
"Q_C_C1_MISSING","C","manquant_univers","C1","questionnaire","hypothese_apurement","documente_questionnaire","export_excel_diagnostic",17,"document/04_C/Q_C_C1_MISSING.xlsx","interne","OK","",FALSE
"Q_C_C1_SKIP","C","saut_univers","C1","questionnaire","hypothese_apurement","documente_questionnaire","export_excel_diagnostic",0,"","interne","OK","",FALSE
"Q_C_C10_MISSING","C","manquant_univers","C10","questionnaire","hypothese_apurement","documente_questionnaire","export_excel_diagnostic",0,"","interne","OK","",FALSE
"Q_C_C10_SKIP","C","saut_univers","C10","questionnaire","hypothese_apurement","documente_questionnaire","export_excel_diagnostic",0,"","interne","OK","",FALSE
"Q_C_C11_MISSING","C","manquant_univers","C11","questionnaire","hypothese_apurement","documente_questionnaire","export_excel_diagnostic",0,"","interne","OK","",FALSE
"Q_C_C11_SKIP","C","saut_univers","C11","questionnaire","hypothese_apurement","documente_questionnaire","export_excel_diagnostic",0,"","interne","OK","",FALSE
"Q_C_C2_MISSING","C","manquant_univers","C2","questionnaire","hypothese_apurement","documente_questionnaire","export_excel_diagnostic",0,"","interne","OK","",FALSE
"Q_C_C2_SKIP","C","saut_univers","C2","questionnaire","hypothese_apurement","documente_questionnaire","export_excel_diagnostic",0,"","interne","OK","",FALSE
"Q_C_C2A_annee_MISSING","C","manquant_univers","C2A_annee","questionnaire","hypothese_apurement","documente_questionnaire","export_excel_diagnostic",17,"document/04_C/Q_C_C2A_annee_MISSING.xlsx","interne","OK","",FALSE
"Q_C_C2A_annee_SKIP","C","saut_univers","C2A_annee","questionnaire","hypothese_apurement","documente_questionnaire","export_excel_diagnostic",0,"","interne","OK","",FALSE
"Q_C_C2A_annee_SPECIAL","C","code_special_autorise","C2A_annee","questionnaire","hypothese_apurement","documente_questionnaire_action_a_valider","export_excel_diagnostic",129,"document/04_C/Q_C_C2A_annee_SPECIAL.xlsx","interne","OK","",FALSE
"Q_C_C2A_annee_VALIDATION_1","C","validation","C2A_annee","questionnaire","hypothese_apurement","documente_questionnaire","export_excel_diagnostic",0,"","interne","OK","",FALSE
"Q_C_C2A_Jour_MISSING","C","manquant_univers","C2A_Jour","questionnaire","hypothese_apurement","documente_questionnaire","export_excel_diagnostic",17,"document/04_C/Q_C_C2A_Jour_MISSING.xlsx","interne","OK","",FALSE
"Q_C_C2A_Jour_SKIP","C","saut_univers","C2A_Jour","questionnaire","hypothese_apurement","documente_questionnaire","export_excel_diagnostic",0,"","interne","OK","",FALSE
"Q_C_C2A_Jour_SPECIAL","C","code_special_autorise","C2A_Jour","questionnaire","hypothese_apurement","documente_questionnaire_action_a_valider","export_excel_diagnostic",235,"document/04_C/Q_C_C2A_Jour_SPECIAL.xlsx","interne","OK","",FALSE
"Q_C_C2A_Jour_VALIDATION_1","C","validation","C2A_Jour","questionnaire","hypothese_apurement","documente_questionnaire","export_excel_diagnostic",0,"","interne","OK","",FALSE
"Q_C_C2A_Mois_MISSING","C","manquant_univers","C2A_Mois","questionnaire","hypothese_apurement","documente_questionnaire","export_excel_diagnostic",17,"document/04_C/Q_C_C2A_Mois_MISSING.xlsx","interne","OK","",FALSE
"Q_C_C2A_Mois_SKIP","C","saut_univers","C2A_Mois","questionnaire","hypothese_apurement","documente_questionnaire","export_excel_diagnostic",0,"","interne","OK","",FALSE
"Q_C_C2A_Mois_SPECIAL","C","code_special_autorise","C2A_Mois","questionnaire","hypothese_apurement","documente_questionnaire_action_a_valider","export_excel_diagnostic",245,"document/04_C/Q_C_C2A_Mois_SPECIAL.xlsx","interne","OK","",FALSE
"Q_C_C2A_Mois_VALIDATION_1","C","validation","C2A_Mois","questionnaire","hypothese_apurement","documente_questionnaire","export_excel_diagnostic",0,"","interne","OK","",FALSE
"Q_C_C3_DOMAIN","C","domaine","C3","questionnaire","hypothese_apurement","documente_questionnaire","export_excel_diagnostic",0,"","interne","OK","",FALSE
"Q_C_C3_MISSING","C","manquant_univers","C3","questionnaire","hypothese_apurement","documente_questionnaire","export_excel_diagnostic",17,"document/04_C/Q_C_C3_MISSING.xlsx","interne","OK","",FALSE
"Q_C_C3_SKIP","C","saut_univers","C3","questionnaire","hypothese_apurement","documente_questionnaire","export_excel_diagnostic",0,"","interne","OK","",FALSE
"Q_C_C4_DOMAIN","C","domaine","C4","questionnaire","hypothese_apurement","documente_questionnaire","export_excel_diagnostic",0,"","interne","OK","",FALSE
"Q_C_C4_MISSING","C","manquant_univers","C4","questionnaire","hypothese_apurement","documente_questionnaire","export_excel_diagnostic",17,"document/04_C/Q_C_C4_MISSING.xlsx","interne","OK","",FALSE
"Q_C_C4_SKIP","C","saut_univers","C4","questionnaire","hypothese_apurement","documente_questionnaire","export_excel_diagnostic",0,"","interne","OK","",FALSE
"Q_C_C5_DOMAIN","C","domaine","C5","questionnaire","hypothese_apurement","documente_questionnaire","export_excel_diagnostic",0,"","interne","OK","",FALSE
"Q_C_C5_MISSING","C","manquant_univers","C5","questionnaire","hypothese_apurement","documente_questionnaire","export_excel_diagnostic",0,"","interne","OK","",FALSE
"Q_C_C5_SKIP","C","saut_univers","C5","questionnaire","hypothese_apurement","documente_questionnaire","export_excel_diagnostic",0,"","interne","OK","",FALSE
"Q_C_C6_DOMAIN","C","domaine","C6","questionnaire","hypothese_apurement","documente_questionnaire","export_excel_diagnostic",0,"","interne","OK","",FALSE
"Q_C_C6_MISSING","C","manquant_univers","C6","questionnaire","hypothese_apurement","documente_questionnaire","export_excel_diagnostic",0,"","interne","OK","",FALSE
"Q_C_C6_SKIP","C","saut_univers","C6","questionnaire","hypothese_apurement","documente_questionnaire","export_excel_diagnostic",0,"","interne","OK","",FALSE
"Q_C_C7_DOMAIN","C","domaine","C7","questionnaire","hypothese_apurement","documente_questionnaire","export_excel_diagnostic",0,"","interne","OK","",FALSE
"Q_C_C7_MISSING","C","manquant_univers","C7","questionnaire","hypothese_apurement","documente_questionnaire","export_excel_diagnostic",17,"document/04_C/Q_C_C7_MISSING.xlsx","interne","OK","",FALSE
"Q_C_C7_SKIP","C","saut_univers","C7","questionnaire","hypothese_apurement","documente_questionnaire","export_excel_diagnostic",0,"","interne","OK","",FALSE
"Q_C_C8_DOMAIN","C","domaine","C8","questionnaire","hypothese_apurement","documente_questionnaire","export_excel_diagnostic",0,"","interne","OK","",FALSE
"Q_C_C8_MISSING","C","manquant_univers","C8","questionnaire","hypothese_apurement","documente_questionnaire","export_excel_diagnostic",0,"","interne","OK","",FALSE
"Q_C_C8_SKIP","C","saut_univers","C8","questionnaire","hypothese_apurement","documente_questionnaire","export_excel_diagnostic",0,"","interne","OK","",FALSE
"Q_C_C9_MISSING","C","manquant_univers","C9","questionnaire","hypothese_apurement","documente_questionnaire","export_excel_diagnostic",0,"","interne","OK","",FALSE
"Q_C_C9_SKIP","C","saut_univers","C9","questionnaire","hypothese_apurement","documente_questionnaire","export_excel_diagnostic",0,"","interne","OK","",FALSE
"Q_C_HHC_debut_MISSING","C","manquant_univers","HHC_debut","questionnaire","hypothese_apurement","documente_questionnaire","export_excel_diagnostic",14,"document/04_C/Q_C_HHC_debut_MISSING.xlsx","interne","OK","",FALSE
"Q_C_HHC_debut_SKIP","C","saut_univers","HHC_debut","questionnaire","hypothese_apurement","documente_questionnaire","export_excel_diagnostic",0,"","interne","OK","",FALSE
"Q_C_HHC_fin_MISSING","C","manquant_univers","HHC_fin","questionnaire","hypothese_apurement","documente_questionnaire","export_excel_diagnostic",16,"document/04_C/Q_C_HHC_fin_MISSING.xlsx","interne","OK","",FALSE
"Q_C_HHC_fin_SKIP","C","saut_univers","HHC_fin","questionnaire","hypothese_apurement","documente_questionnaire","export_excel_diagnostic",0,"","interne","OK","",FALSE
"Q_COVER_cover_district_MISSING","COVER","manquant_univers","cover_district","questionnaire","hypothese_apurement","documente_questionnaire","export_excel_diagnostic",0,"","interne","OK","",FALSE
"Q_COVER_cover_id_PII","COVER","confidentialite","cover_id","questionnaire","hypothese_apurement","restriction_confidentialite","ne_pas_exporter",0,"","interne","NON_EXECUTEE","PII_EXCLUDED",FALSE
"Q_COVER_cover_region_MISSING","COVER","manquant_univers","cover_region","questionnaire","hypothese_apurement","documente_questionnaire","export_excel_diagnostic",0,"","interne","OK","",FALSE
"Q_COVER_localite_MISSING","COVER","manquant_univers","localite","questionnaire","hypothese_apurement","documente_questionnaire","export_excel_diagnostic",0,"","interne","OK","",FALSE
"Q_COVER_nom_PII","COVER","confidentialite","nom","questionnaire","hypothese_apurement","restriction_confidentialite","ne_pas_exporter",0,"","interne","NON_EXECUTEE","PII_EXCLUDED",FALSE
"Q_COVER_telephone_PII","COVER","confidentialite","telephone","questionnaire","hypothese_apurement","restriction_confidentialite","ne_pas_exporter",0,"","interne","NON_EXECUTEE","PII_EXCLUDED",FALSE
"Q_D_D1_MISSING","D","manquant_univers","D1","questionnaire","hypothese_apurement","documente_questionnaire","export_excel_diagnostic",1,"document/05_D/Q_D_D1_MISSING.xlsx","interne","OK","",FALSE
"Q_D_D1_SKIP","D","saut_univers","D1","questionnaire","hypothese_apurement","documente_questionnaire","export_excel_diagnostic",0,"","interne","OK","",FALSE
"Q_D_D2_MISSING","D","manquant_univers","D2","questionnaire","hypothese_apurement","documente_questionnaire","export_excel_diagnostic",1,"document/05_D/Q_D_D2_MISSING.xlsx","interne","OK","",FALSE
"Q_D_D2_SKIP","D","saut_univers","D2","questionnaire","hypothese_apurement","documente_questionnaire","export_excel_diagnostic",0,"","interne","OK","",FALSE
"Q_D_D2_VALIDATION_1","D","validation","D2","questionnaire","hypothese_apurement","documente_questionnaire","export_excel_diagnostic",0,"","interne","OK","",FALSE
"Q_D_D3_DOMAIN","D","domaine","D3","questionnaire","hypothese_apurement","documente_questionnaire","export_excel_diagnostic",0,"","interne","OK","",FALSE
"Q_D_D3_MISSING","D","manquant_univers","D3","questionnaire","hypothese_apurement","documente_questionnaire","export_excel_diagnostic",1,"document/05_D/Q_D_D3_MISSING.xlsx","interne","OK","",FALSE
"Q_D_D3_SKIP","D","saut_univers","D3","questionnaire","hypothese_apurement","documente_questionnaire","export_excel_diagnostic",0,"","interne","OK","",FALSE
"Q_D_D3X_MISSING","D","manquant_univers","D3X","questionnaire","hypothese_apurement","documente_questionnaire","export_excel_diagnostic",0,"","interne","OK","",FALSE
"Q_D_D3X_SKIP","D","saut_univers","D3X","questionnaire","hypothese_apurement","documente_questionnaire","export_excel_diagnostic",0,"","interne","OK","",FALSE
"Q_D_D4_MISSING","D","manquant_univers","D4","questionnaire","hypothese_apurement","documente_questionnaire","export_excel_diagnostic",1,"document/05_D/Q_D_D4_MISSING.xlsx","interne","OK","",FALSE
"Q_D_D4_SKIP","D","saut_univers","D4","questionnaire","hypothese_apurement","documente_questionnaire","export_excel_diagnostic",0,"","interne","OK","",FALSE
"Q_D_D5_DOMAIN_D5__1","D","domaine_multiselect","D5","questionnaire","hypothese_apurement","documente_questionnaire","export_excel_diagnostic",0,"","interne","OK","",FALSE
"Q_D_D5_DOMAIN_D5__10","D","domaine_multiselect","D5","questionnaire","hypothese_apurement","documente_questionnaire","export_excel_diagnostic",0,"","interne","OK","",FALSE
"Q_D_D5_DOMAIN_D5__11","D","domaine_multiselect","D5","questionnaire","hypothese_apurement","documente_questionnaire","export_excel_diagnostic",0,"","interne","OK","",FALSE
"Q_D_D5_DOMAIN_D5__2","D","domaine_multiselect","D5","questionnaire","hypothese_apurement","documente_questionnaire","export_excel_diagnostic",0,"","interne","OK","",FALSE
"Q_D_D5_DOMAIN_D5__3","D","domaine_multiselect","D5","questionnaire","hypothese_apurement","documente_questionnaire","export_excel_diagnostic",0,"","interne","OK","",FALSE
"Q_D_D5_DOMAIN_D5__4","D","domaine_multiselect","D5","questionnaire","hypothese_apurement","documente_questionnaire","export_excel_diagnostic",0,"","interne","OK","",FALSE
"Q_D_D5_DOMAIN_D5__5","D","domaine_multiselect","D5","questionnaire","hypothese_apurement","documente_questionnaire","export_excel_diagnostic",0,"","interne","OK","",FALSE
"Q_D_D5_DOMAIN_D5__6","D","domaine_multiselect","D5","questionnaire","hypothese_apurement","documente_questionnaire","export_excel_diagnostic",0,"","interne","OK","",FALSE
"Q_D_D5_DOMAIN_D5__7","D","domaine_multiselect","D5","questionnaire","hypothese_apurement","documente_questionnaire","export_excel_diagnostic",0,"","interne","OK","",FALSE
"Q_D_D5_DOMAIN_D5__8","D","domaine_multiselect","D5","questionnaire","hypothese_apurement","documente_questionnaire","export_excel_diagnostic",0,"","interne","OK","",FALSE
"Q_D_D5_DOMAIN_D5__9","D","domaine_multiselect","D5","questionnaire","hypothese_apurement","documente_questionnaire","export_excel_diagnostic",0,"","interne","OK","",FALSE
"Q_D_D5_MISSING","D","manquant_univers_multiselect","D5","questionnaire","hypothese_apurement","documente_questionnaire","export_excel_diagnostic",1,"document/05_D/Q_D_D5_MISSING.xlsx","interne","OK","",FALSE
"Q_D_D5_SKIP","D","saut_univers_multiselect","D5","questionnaire","hypothese_apurement","documente_questionnaire","export_excel_diagnostic",0,"","interne","OK","",FALSE
"Q_D_D5_VALIDATION_1","D","validation_multiselect","D5","questionnaire","hypothese_apurement","documente_questionnaire","export_excel_diagnostic",0,"","interne","OK","",FALSE
"Q_D_HHD_debut_MISSING","D","manquant_univers","HHD_debut","questionnaire","hypothese_apurement","documente_questionnaire","export_excel_diagnostic",1,"document/05_D/Q_D_HHD_debut_MISSING.xlsx","interne","OK","",FALSE
"Q_D_HHD_debut_SKIP","D","saut_univers","HHD_debut","questionnaire","hypothese_apurement","documente_questionnaire","export_excel_diagnostic",0,"","interne","OK","",FALSE
"Q_D_HHD_fin_MISSING","D","manquant_univers","HHD_fin","questionnaire","hypothese_apurement","documente_questionnaire","export_excel_diagnostic",1,"document/05_D/Q_D_HHD_fin_MISSING.xlsx","interne","OK","",FALSE
"Q_D_HHD_fin_SKIP","D","saut_univers","HHD_fin","questionnaire","hypothese_apurement","documente_questionnaire","export_excel_diagnostic",0,"","interne","OK","",FALSE
"Q_E_E1_DOMAIN","E","domaine","E1","questionnaire","hypothese_apurement","documente_questionnaire","export_excel_diagnostic",0,"","interne","OK","",FALSE
"Q_E_E1_MISSING","E","manquant_univers","E1","questionnaire","hypothese_apurement","documente_questionnaire","export_excel_diagnostic",0,"","interne","OK","",FALSE
"Q_E_E1_SKIP","E","saut_univers","E1","questionnaire","hypothese_apurement","documente_questionnaire","export_excel_diagnostic",0,"","interne","OK","",FALSE
"Q_E_E2_DOMAIN","E","domaine","E2","questionnaire","hypothese_apurement","documente_questionnaire","export_excel_diagnostic",0,"","interne","OK","",FALSE
"Q_E_E2_MISSING","E","manquant_univers","E2","questionnaire","hypothese_apurement","documente_questionnaire","export_excel_diagnostic",0,"","interne","OK","",FALSE
"Q_E_E2_SKIP","E","saut_univers","E2","questionnaire","hypothese_apurement","documente_questionnaire","export_excel_diagnostic",0,"","interne","OK","",FALSE
"Q_E_E3_DOMAIN","E","domaine","E3","questionnaire","hypothese_apurement","documente_questionnaire","export_excel_diagnostic",0,"","interne","OK","",FALSE
"Q_E_E3_MISSING","E","manquant_univers","E3","questionnaire","hypothese_apurement","documente_questionnaire","export_excel_diagnostic",0,"","interne","OK","",FALSE
"Q_E_E3_SKIP","E","saut_univers","E3","questionnaire","hypothese_apurement","documente_questionnaire","export_excel_diagnostic",0,"","interne","OK","",FALSE
"Q_E_E3A_DOMAIN","E","domaine","E3A","questionnaire","hypothese_apurement","documente_questionnaire","export_excel_diagnostic",0,"","interne","OK","",FALSE
"Q_E_E3A_MISSING","E","manquant_univers","E3A","questionnaire","hypothese_apurement","documente_questionnaire","export_excel_diagnostic",0,"","interne","OK","",FALSE
"Q_E_E3A_SKIP","E","saut_univers","E3A","questionnaire","hypothese_apurement","documente_questionnaire","export_excel_diagnostic",0,"","interne","OK","",FALSE
"Q_E_EMPLOYE_COMPUTED","E","variable_calculee","EMPLOYE","questionnaire","hypothese_apurement","documente_questionnaire","documenter_sans_corriger",0,"","interne","NON_EXECUTEE","non_applicable",FALSE
"Q_E_HHE_debut_MISSING","E","manquant_univers","HHE_debut","questionnaire","hypothese_apurement","documente_questionnaire","export_excel_diagnostic",0,"","interne","OK","",FALSE
"Q_E_HHE_debut_SKIP","E","saut_univers","HHE_debut","questionnaire","hypothese_apurement","documente_questionnaire","export_excel_diagnostic",0,"","interne","OK","",FALSE
"Q_E_HHE_fin_MISSING","E","manquant_univers","HHE_fin","questionnaire","hypothese_apurement","documente_questionnaire","export_excel_diagnostic",0,"","interne","OK","",FALSE
"Q_E_HHE_fin_SKIP","E","saut_univers","HHE_fin","questionnaire","hypothese_apurement","documente_questionnaire","export_excel_diagnostic",0,"","interne","OK","",FALSE
"Q_F_F1_DOMAIN","F","domaine","F1","questionnaire","hypothese_apurement","documente_questionnaire","export_excel_diagnostic",0,"","interne","OK","",FALSE
"Q_F_F1_MISSING","F","manquant_univers","F1","questionnaire","hypothese_apurement","documente_questionnaire","export_excel_diagnostic",0,"","interne","OK","",FALSE
"Q_F_F1_SKIP","F","saut_univers","F1","questionnaire","hypothese_apurement","documente_questionnaire","export_excel_diagnostic",0,"","interne","OK","",FALSE
"Q_F_F1X_MISSING","F","manquant_univers","F1X","questionnaire","hypothese_apurement","documente_questionnaire","export_excel_diagnostic",0,"","interne","OK","",FALSE
"Q_F_F1X_SKIP","F","saut_univers","F1X","questionnaire","hypothese_apurement","documente_questionnaire","export_excel_diagnostic",0,"","interne","OK","",FALSE
"Q_F_F2_DOMAIN","F","domaine","F2","questionnaire","hypothese_apurement","documente_questionnaire","export_excel_diagnostic",0,"","interne","OK","",FALSE
"Q_F_F2_MISSING","F","manquant_univers","F2","questionnaire","hypothese_apurement","documente_questionnaire","export_excel_diagnostic",0,"","interne","OK","",FALSE
"Q_F_F2_SKIP","F","saut_univers","F2","questionnaire","hypothese_apurement","documente_questionnaire","export_excel_diagnostic",0,"","interne","OK","",FALSE
"Q_F_F2X_MISSING","F","manquant_univers","F2X","questionnaire","hypothese_apurement","documente_questionnaire","export_excel_diagnostic",0,"","interne","OK","",FALSE
"Q_F_F2X_SKIP","F","saut_univers","F2X","questionnaire","hypothese_apurement","documente_questionnaire","export_excel_diagnostic",0,"","interne","OK","",FALSE
"Q_F_F3_DOMAIN","F","domaine","F3","questionnaire","hypothese_apurement","documente_questionnaire","export_excel_diagnostic",0,"","interne","OK","",FALSE
"Q_F_F3_MISSING","F","manquant_univers","F3","questionnaire","hypothese_apurement","documente_questionnaire","export_excel_diagnostic",0,"","interne","OK","",FALSE
"Q_F_F3_SKIP","F","saut_univers","F3","questionnaire","hypothese_apurement","documente_questionnaire","export_excel_diagnostic",0,"","interne","OK","",FALSE
"Q_F_F3X_MISSING","F","manquant_univers","F3X","questionnaire","hypothese_apurement","documente_questionnaire","export_excel_diagnostic",0,"","interne","OK","",FALSE
"Q_F_F3X_SKIP","F","saut_univers","F3X","questionnaire","hypothese_apurement","documente_questionnaire","export_excel_diagnostic",0,"","interne","OK","",FALSE
"Q_F_F4_DOMAIN","F","domaine","F4","questionnaire","hypothese_apurement","documente_questionnaire","export_excel_diagnostic",0,"","interne","OK","",FALSE
"Q_F_F4_MISSING","F","manquant_univers","F4","questionnaire","hypothese_apurement","documente_questionnaire","export_excel_diagnostic",0,"","interne","OK","",FALSE
"Q_F_F4_SKIP","F","saut_univers","F4","questionnaire","hypothese_apurement","documente_questionnaire","export_excel_diagnostic",0,"","interne","OK","",FALSE
"Q_F_HHF_debut_MISSING","F","manquant_univers","HHF_debut","questionnaire","hypothese_apurement","documente_questionnaire","export_excel_diagnostic",0,"","interne","OK","",FALSE
"Q_F_HHF_debut_SKIP","F","saut_univers","HHF_debut","questionnaire","hypothese_apurement","documente_questionnaire","export_excel_diagnostic",0,"","interne","OK","",FALSE
"Q_F_HHF_fin_MISSING","F","manquant_univers","HHF_fin","questionnaire","hypothese_apurement","documente_questionnaire","export_excel_diagnostic",0,"","interne","OK","",FALSE
"Q_F_HHF_fin_SKIP","F","saut_univers","HHF_fin","questionnaire","hypothese_apurement","documente_questionnaire","export_excel_diagnostic",0,"","interne","OK","",FALSE
"Q_G_G1_DOMAIN","G","domaine","G1","questionnaire","hypothese_apurement","documente_questionnaire","export_excel_diagnostic",0,"","interne","OK","",FALSE
"Q_G_G1_MISSING","G","manquant_univers","G1","questionnaire","hypothese_apurement","documente_questionnaire","export_excel_diagnostic",0,"","interne","OK","",FALSE
"Q_G_G1_SKIP","G","saut_univers","G1","questionnaire","hypothese_apurement","documente_questionnaire","export_excel_diagnostic",0,"","interne","OK","",FALSE
"Q_G_G2_DOMAIN","G","domaine","G2","questionnaire","hypothese_apurement","documente_questionnaire","export_excel_diagnostic",0,"","interne","OK","",FALSE
"Q_G_G2_MISSING","G","manquant_univers","G2","questionnaire","hypothese_apurement","documente_questionnaire","export_excel_diagnostic",0,"","interne","OK","",FALSE
"Q_G_G2_SKIP","G","saut_univers","G2","questionnaire","hypothese_apurement","documente_questionnaire","export_excel_diagnostic",0,"","interne","OK","",FALSE
"Q_G_G3_MISSING","G","manquant_univers","G3","questionnaire","hypothese_apurement","documente_questionnaire","export_excel_diagnostic",0,"","interne","OK","",FALSE
"Q_G_G3_SKIP","G","saut_univers","G3","questionnaire","hypothese_apurement","documente_questionnaire","export_excel_diagnostic",0,"","interne","OK","",FALSE
"Q_G_G3_SPECIAL","G","code_special_autorise","G3","questionnaire","hypothese_apurement","documente_questionnaire_action_a_valider","export_excel_diagnostic",19,"document/08_G/Q_G_G3_SPECIAL.xlsx","interne","OK","",FALSE
"Q_G_G4_DOMAIN","G","domaine","G4","questionnaire","hypothese_apurement","documente_questionnaire","export_excel_diagnostic",0,"","interne","OK","",FALSE
"Q_G_G4_MISSING","G","manquant_univers","G4","questionnaire","hypothese_apurement","documente_questionnaire","export_excel_diagnostic",0,"","interne","OK","",FALSE
"Q_G_G4_SKIP","G","saut_univers","G4","questionnaire","hypothese_apurement","documente_questionnaire","export_excel_diagnostic",0,"","interne","OK","",FALSE
"Q_G_G4A_MISSING","G","manquant_univers","G4A","questionnaire","hypothese_apurement","documente_questionnaire","export_excel_diagnostic",0,"","interne","OK","",FALSE
"Q_G_G4A_SKIP","G","saut_univers","G4A","questionnaire","hypothese_apurement","documente_questionnaire","export_excel_diagnostic",0,"","interne","OK","",FALSE
"Q_G_G5_DOMAIN","G","domaine","G5","questionnaire","hypothese_apurement","documente_questionnaire","export_excel_diagnostic",0,"","interne","OK","",FALSE
"Q_G_G5_MISSING","G","manquant_univers","G5","questionnaire","hypothese_apurement","documente_questionnaire","export_excel_diagnostic",0,"","interne","OK","",FALSE
"Q_G_G5_SKIP","G","saut_univers","G5","questionnaire","hypothese_apurement","documente_questionnaire","export_excel_diagnostic",0,"","interne","OK","",FALSE
"Q_G_G5A_MISSING","G","manquant_univers","G5A","questionnaire","hypothese_apurement","documente_questionnaire","export_excel_diagnostic",0,"","interne","OK","",FALSE
"Q_G_G5A_SKIP","G","saut_univers","G5A","questionnaire","hypothese_apurement","documente_questionnaire","export_excel_diagnostic",0,"","interne","OK","",FALSE
"Q_G_G6_MISSING","G","manquant_univers","G6","questionnaire","hypothese_apurement","documente_questionnaire","export_excel_diagnostic",0,"","interne","OK","",FALSE
"Q_G_G6_SKIP","G","saut_univers","G6","questionnaire","hypothese_apurement","documente_questionnaire","export_excel_diagnostic",0,"","interne","OK","",FALSE
"Q_G_G7_DOMAIN","G","domaine","G7","questionnaire","hypothese_apurement","documente_questionnaire","export_excel_diagnostic",0,"","interne","OK","",FALSE
"Q_G_G7_MISSING","G","manquant_univers","G7","questionnaire","hypothese_apurement","documente_questionnaire","export_excel_diagnostic",0,"","interne","OK","",FALSE
"Q_G_G7_SKIP","G","saut_univers","G7","questionnaire","hypothese_apurement","documente_questionnaire","export_excel_diagnostic",0,"","interne","OK","",FALSE
"Q_G_G7A_DOMAIN","G","domaine","G7A","questionnaire","hypothese_apurement","documente_questionnaire","export_excel_diagnostic",0,"","interne","OK","",FALSE
"Q_G_G7A_MISSING","G","manquant_univers","G7A","questionnaire","hypothese_apurement","documente_questionnaire","export_excel_diagnostic",0,"","interne","OK","",FALSE
"Q_G_G7A_SKIP","G","saut_univers","G7A","questionnaire","hypothese_apurement","documente_questionnaire","export_excel_diagnostic",0,"","interne","OK","",FALSE
"Q_G_HHG_debut_MISSING","G","manquant_univers","HHG_debut","questionnaire","hypothese_apurement","documente_questionnaire","export_excel_diagnostic",0,"","interne","OK","",FALSE
"Q_G_HHG_debut_SKIP","G","saut_univers","HHG_debut","questionnaire","hypothese_apurement","documente_questionnaire","export_excel_diagnostic",0,"","interne","OK","",FALSE
"Q_G_HHG_fin_MISSING","G","manquant_univers","HHG_fin","questionnaire","hypothese_apurement","documente_questionnaire","export_excel_diagnostic",0,"","interne","OK","",FALSE
"Q_G_HHG_fin_SKIP","G","saut_univers","HHG_fin","questionnaire","hypothese_apurement","documente_questionnaire","export_excel_diagnostic",0,"","interne","OK","",FALSE
"Q_H_H1_DOMAIN","H","domaine","H1","questionnaire","hypothese_apurement","documente_questionnaire","export_excel_diagnostic",0,"","interne","OK","",FALSE
"Q_H_H1_MISSING","H","manquant_univers","H1","questionnaire","hypothese_apurement","documente_questionnaire","export_excel_diagnostic",0,"","interne","OK","",FALSE
"Q_H_H1_SKIP","H","saut_univers","H1","questionnaire","hypothese_apurement","documente_questionnaire","export_excel_diagnostic",0,"","interne","OK","",FALSE
"Q_H_H2_DOMAIN","H","domaine","H2","questionnaire","hypothese_apurement","documente_questionnaire","export_excel_diagnostic",0,"","interne","OK","",FALSE
"Q_H_H2_MISSING","H","manquant_univers","H2","questionnaire","hypothese_apurement","documente_questionnaire","export_excel_diagnostic",0,"","interne","OK","",FALSE
"Q_H_H2_SKIP","H","saut_univers","H2","questionnaire","hypothese_apurement","documente_questionnaire","export_excel_diagnostic",0,"","interne","OK","",FALSE
"Q_H_H3_MISSING","H","manquant_univers","H3","questionnaire","hypothese_apurement","documente_questionnaire","export_excel_diagnostic",0,"","interne","OK","",FALSE
"Q_H_H3_SKIP","H","saut_univers","H3","questionnaire","hypothese_apurement","documente_questionnaire","export_excel_diagnostic",0,"","interne","OK","",FALSE
"Q_H_H3_SPECIAL","H","code_special_autorise","H3","questionnaire","hypothese_apurement","documente_questionnaire_action_a_valider","export_excel_diagnostic",128,"document/09_H/Q_H_H3_SPECIAL.xlsx","interne","OK","",FALSE
"Q_H_H3A_DOMAIN","H","domaine","H3A","questionnaire","hypothese_apurement","documente_questionnaire","export_excel_diagnostic",0,"","interne","OK","",FALSE
"Q_H_H3A_MISSING","H","manquant_univers","H3A","questionnaire","hypothese_apurement","documente_questionnaire","export_excel_diagnostic",0,"","interne","OK","",FALSE
"Q_H_H3A_SKIP","H","saut_univers","H3A","questionnaire","hypothese_apurement","documente_questionnaire","export_excel_diagnostic",0,"","interne","OK","",FALSE
"Q_H_H4_DOMAIN","H","domaine","H4","questionnaire","hypothese_apurement","documente_questionnaire","export_excel_diagnostic",0,"","interne","OK","",FALSE
"Q_H_H4_MISSING","H","manquant_univers","H4","questionnaire","hypothese_apurement","documente_questionnaire","export_excel_diagnostic",0,"","interne","OK","",FALSE
"Q_H_H4_SKIP","H","saut_univers","H4","questionnaire","hypothese_apurement","documente_questionnaire","export_excel_diagnostic",0,"","interne","OK","",FALSE
"Q_H_H4A_MISSING","H","manquant_univers","H4A","questionnaire","hypothese_apurement","documente_questionnaire","export_excel_diagnostic",0,"","interne","OK","",FALSE
"Q_H_H4A_SKIP","H","saut_univers","H4A","questionnaire","hypothese_apurement","documente_questionnaire","export_excel_diagnostic",0,"","interne","OK","",FALSE
"Q_H_H5_MISSING","H","manquant_univers","H5","questionnaire","hypothese_apurement","documente_questionnaire","export_excel_diagnostic",0,"","interne","OK","",FALSE
"Q_H_H5_SKIP","H","saut_univers","H5","questionnaire","hypothese_apurement","documente_questionnaire","export_excel_diagnostic",0,"","interne","OK","",FALSE
"Q_H_H5_SPECIAL","H","code_special_autorise","H5","questionnaire","hypothese_apurement","documente_questionnaire_action_a_valider","export_excel_diagnostic",98,"document/09_H/Q_H_H5_SPECIAL.xlsx","interne","OK","",FALSE
"Q_H_H5_VALIDATION_1","H","validation","H5","questionnaire","hypothese_apurement","documente_questionnaire","export_excel_diagnostic",1,"document/09_H/Q_H_H5_VALIDATION_1.xlsx","interne","OK","",FALSE
"Q_H_H5A_DOMAIN","H","domaine","H5A","questionnaire","hypothese_apurement","documente_questionnaire","export_excel_diagnostic",0,"","interne","OK","",FALSE
"Q_H_H5A_MISSING","H","manquant_univers","H5A","questionnaire","hypothese_apurement","documente_questionnaire","export_excel_diagnostic",0,"","interne","OK","",FALSE
"Q_H_H5A_SKIP","H","saut_univers","H5A","questionnaire","hypothese_apurement","documente_questionnaire","export_excel_diagnostic",0,"","interne","OK","",FALSE
"Q_H_HHH_debut_MISSING","H","manquant_univers","HHH_debut","questionnaire","hypothese_apurement","documente_questionnaire","export_excel_diagnostic",0,"","interne","OK","",FALSE
"Q_H_HHH_debut_SKIP","H","saut_univers","HHH_debut","questionnaire","hypothese_apurement","documente_questionnaire","export_excel_diagnostic",0,"","interne","OK","",FALSE
"Q_H_HHH_fin_MISSING","H","manquant_univers","HHH_fin","questionnaire","hypothese_apurement","documente_questionnaire","export_excel_diagnostic",0,"","interne","OK","",FALSE
"Q_H_HHH_fin_SKIP","H","saut_univers","HHH_fin","questionnaire","hypothese_apurement","documente_questionnaire","export_excel_diagnostic",0,"","interne","OK","",FALSE
"Q_I_HHI_debut_MISSING","I","manquant_univers","HHI_debut","questionnaire","hypothese_apurement","documente_questionnaire","export_excel_diagnostic",0,"","interne","OK","",FALSE
"Q_I_HHI_debut_SKIP","I","saut_univers","HHI_debut","questionnaire","hypothese_apurement","documente_questionnaire","export_excel_diagnostic",0,"","interne","OK","",FALSE
"Q_I_HHI_fin_MISSING","I","manquant_univers","HHI_fin","questionnaire","hypothese_apurement","documente_questionnaire","export_excel_diagnostic",0,"","interne","OK","",FALSE
"Q_I_HHI_fin_SKIP","I","saut_univers","HHI_fin","questionnaire","hypothese_apurement","documente_questionnaire","export_excel_diagnostic",0,"","interne","OK","",FALSE
"Q_I_I1_DOMAIN","I","domaine","I1","questionnaire","hypothese_apurement","documente_questionnaire","export_excel_diagnostic",0,"","interne","OK","",FALSE
"Q_I_I1_MISSING","I","manquant_univers","I1","questionnaire","hypothese_apurement","documente_questionnaire","export_excel_diagnostic",0,"","interne","OK","",FALSE
"Q_I_I1_SKIP","I","saut_univers","I1","questionnaire","hypothese_apurement","documente_questionnaire","export_excel_diagnostic",0,"","interne","OK","",FALSE
"Q_I_I2_DOMAIN","I","domaine","I2","questionnaire","hypothese_apurement","documente_questionnaire","export_excel_diagnostic",0,"","interne","OK","",FALSE
"Q_I_I2_MISSING","I","manquant_univers","I2","questionnaire","hypothese_apurement","documente_questionnaire","export_excel_diagnostic",0,"","interne","OK","",FALSE
"Q_I_I2_SKIP","I","saut_univers","I2","questionnaire","hypothese_apurement","documente_questionnaire","export_excel_diagnostic",0,"","interne","OK","",FALSE
"Q_I_I2X_MISSING","I","manquant_univers","I2X","questionnaire","hypothese_apurement","documente_questionnaire","export_excel_diagnostic",0,"","interne","OK","",FALSE
"Q_I_I2X_SKIP","I","saut_univers","I2X","questionnaire","hypothese_apurement","documente_questionnaire","export_excel_diagnostic",0,"","interne","OK","",FALSE
"Q_I_I3_DOMAIN","I","domaine","I3","questionnaire","hypothese_apurement","documente_questionnaire","export_excel_diagnostic",0,"","interne","OK","",FALSE
"Q_I_I3_MISSING","I","manquant_univers","I3","questionnaire","hypothese_apurement","documente_questionnaire","export_excel_diagnostic",0,"","interne","OK","",FALSE
"Q_I_I3_SKIP","I","saut_univers","I3","questionnaire","hypothese_apurement","documente_questionnaire","export_excel_diagnostic",0,"","interne","OK","",FALSE
"Q_I_I3X_MISSING","I","manquant_univers","I3X","questionnaire","hypothese_apurement","documente_questionnaire","export_excel_diagnostic",0,"","interne","OK","",FALSE
"Q_I_I3X_SKIP","I","saut_univers","I3X","questionnaire","hypothese_apurement","documente_questionnaire","export_excel_diagnostic",0,"","interne","OK","",FALSE
"Q_J_HHJ_debut_MISSING","J","manquant_univers","HHJ_debut","questionnaire","hypothese_apurement","documente_questionnaire","export_excel_diagnostic",0,"","interne","OK","",FALSE
"Q_J_HHJ_debut_SKIP","J","saut_univers","HHJ_debut","questionnaire","hypothese_apurement","documente_questionnaire","export_excel_diagnostic",0,"","interne","OK","",FALSE
"Q_J_HHJ_fin_MISSING","J","manquant_univers","HHJ_fin","questionnaire","hypothese_apurement","documente_questionnaire","export_excel_diagnostic",0,"","interne","OK","",FALSE
"Q_J_HHJ_fin_SKIP","J","saut_univers","HHJ_fin","questionnaire","hypothese_apurement","documente_questionnaire","export_excel_diagnostic",0,"","interne","OK","",FALSE
"Q_J_J0_DOMAIN","J","domaine","J0","questionnaire","hypothese_apurement","documente_questionnaire","export_excel_diagnostic",0,"","interne","OK","",FALSE
"Q_J_J0_MISSING","J","manquant_univers","J0","questionnaire","hypothese_apurement","documente_questionnaire","export_excel_diagnostic",0,"","interne","OK","",FALSE
"Q_J_J0_SKIP","J","saut_univers","J0","questionnaire","hypothese_apurement","documente_questionnaire","export_excel_diagnostic",0,"","interne","OK","",FALSE
"Q_J_J0A_DOMAIN","J","domaine","J0A","questionnaire","hypothese_apurement","documente_questionnaire","export_excel_diagnostic",0,"","interne","OK","",FALSE
"Q_J_J0A_MISSING","J","manquant_univers","J0A","questionnaire","hypothese_apurement","documente_questionnaire","export_excel_diagnostic",0,"","interne","OK","",FALSE
"Q_J_J0A_SKIP","J","saut_univers","J0A","questionnaire","hypothese_apurement","documente_questionnaire","export_excel_diagnostic",0,"","interne","OK","",FALSE
"Q_J_J0B_DOMAIN","J","domaine","J0B","questionnaire","hypothese_apurement","documente_questionnaire","export_excel_diagnostic",0,"","interne","OK","",FALSE
"Q_J_J0B_MISSING","J","manquant_univers","J0B","questionnaire","hypothese_apurement","documente_questionnaire","export_excel_diagnostic",0,"","interne","OK","",FALSE
"Q_J_J0B_SKIP","J","saut_univers","J0B","questionnaire","hypothese_apurement","documente_questionnaire","export_excel_diagnostic",0,"","interne","OK","",FALSE
"Q_J_J1_DOMAIN","J","domaine","J1","questionnaire","hypothese_apurement","documente_questionnaire","export_excel_diagnostic",0,"","interne","OK","",FALSE
"Q_J_J1_MISSING","J","manquant_univers","J1","questionnaire","hypothese_apurement","documente_questionnaire","export_excel_diagnostic",0,"","interne","OK","",FALSE
"Q_J_J1_SKIP","J","saut_univers","J1","questionnaire","hypothese_apurement","documente_questionnaire","export_excel_diagnostic",0,"","interne","OK","",FALSE
"Q_J_J1X_MISSING","J","manquant_univers","J1X","questionnaire","hypothese_apurement","documente_questionnaire","export_excel_diagnostic",0,"","interne","OK","",FALSE
"Q_J_J1X_SKIP","J","saut_univers","J1X","questionnaire","hypothese_apurement","documente_questionnaire","export_excel_diagnostic",0,"","interne","OK","",FALSE
"Q_J_J2_DOMAIN","J","domaine","J2","questionnaire","hypothese_apurement","documente_questionnaire","export_excel_diagnostic",0,"","interne","OK","",FALSE
"Q_J_J2_MISSING","J","manquant_univers","J2","questionnaire","hypothese_apurement","documente_questionnaire","export_excel_diagnostic",0,"","interne","OK","",FALSE
"Q_J_J2_SKIP","J","saut_univers","J2","questionnaire","hypothese_apurement","documente_questionnaire","export_excel_diagnostic",0,"","interne","OK","",FALSE
"Q_J_J3_DOMAIN","J","domaine","J3","questionnaire","hypothese_apurement","documente_questionnaire","export_excel_diagnostic",0,"","interne","OK","",FALSE
"Q_J_J3_MISSING","J","manquant_univers","J3","questionnaire","hypothese_apurement","documente_questionnaire","export_excel_diagnostic",0,"","interne","OK","",FALSE
"Q_J_J3_SKIP","J","saut_univers","J3","questionnaire","hypothese_apurement","documente_questionnaire","export_excel_diagnostic",0,"","interne","OK","",FALSE
"Q_K_HHK_debut_MISSING","K","manquant_univers","HHK_debut","questionnaire","hypothese_apurement","documente_questionnaire","export_excel_diagnostic",0,"","interne","OK","",FALSE
"Q_K_HHK_debut_SKIP","K","saut_univers","HHK_debut","questionnaire","hypothese_apurement","documente_questionnaire","export_excel_diagnostic",0,"","interne","OK","",FALSE
"Q_K_HHK_fin_MISSING","K","manquant_univers","HHK_fin","questionnaire","hypothese_apurement","documente_questionnaire","export_excel_diagnostic",0,"","interne","OK","",FALSE
"Q_K_HHK_fin_SKIP","K","saut_univers","HHK_fin","questionnaire","hypothese_apurement","documente_questionnaire","export_excel_diagnostic",0,"","interne","OK","",FALSE
"Q_K_K1_DOMAIN","K","domaine","K1","questionnaire","hypothese_apurement","documente_questionnaire","export_excel_diagnostic",0,"","interne","OK","",FALSE
"Q_K_K1_MISSING","K","manquant_univers","K1","questionnaire","hypothese_apurement","documente_questionnaire","export_excel_diagnostic",0,"","interne","OK","",FALSE
"Q_K_K1_SKIP","K","saut_univers","K1","questionnaire","hypothese_apurement","documente_questionnaire","export_excel_diagnostic",0,"","interne","OK","",FALSE
"Q_K_K2_DOMAIN","K","domaine","K2","questionnaire","hypothese_apurement","documente_questionnaire","export_excel_diagnostic",0,"","interne","OK","",FALSE
"Q_K_K2_MISSING","K","manquant_univers","K2","questionnaire","hypothese_apurement","documente_questionnaire","export_excel_diagnostic",0,"","interne","OK","",FALSE
"Q_K_K2_SKIP","K","saut_univers","K2","questionnaire","hypothese_apurement","documente_questionnaire","export_excel_diagnostic",0,"","interne","OK","",FALSE
"Q_K_K3_DOMAIN","K","domaine","K3","questionnaire","hypothese_apurement","documente_questionnaire","export_excel_diagnostic",0,"","interne","OK","",FALSE
"Q_K_K3_MISSING","K","manquant_univers","K3","questionnaire","hypothese_apurement","documente_questionnaire","export_excel_diagnostic",0,"","interne","OK","",FALSE
"Q_K_K3_SKIP","K","saut_univers","K3","questionnaire","hypothese_apurement","documente_questionnaire","export_excel_diagnostic",0,"","interne","OK","",FALSE
"Q_K_K3X_MISSING","K","manquant_univers","K3X","questionnaire","hypothese_apurement","documente_questionnaire","export_excel_diagnostic",0,"","interne","OK","",FALSE
"Q_K_K3X_SKIP","K","saut_univers","K3X","questionnaire","hypothese_apurement","documente_questionnaire","export_excel_diagnostic",0,"","interne","OK","",FALSE
"Q_K_K4_DOMAIN","K","domaine","K4","questionnaire","hypothese_apurement","documente_questionnaire","export_excel_diagnostic",0,"","interne","OK","",FALSE
"Q_K_K4_MISSING","K","manquant_univers","K4","questionnaire","hypothese_apurement","documente_questionnaire","export_excel_diagnostic",0,"","interne","OK","",FALSE
"Q_K_K4_SKIP","K","saut_univers","K4","questionnaire","hypothese_apurement","documente_questionnaire","export_excel_diagnostic",0,"","interne","OK","",FALSE
"Q_K_K4X_MISSING","K","manquant_univers","K4X","questionnaire","hypothese_apurement","documente_questionnaire","export_excel_diagnostic",0,"","interne","OK","",FALSE
"Q_K_K4X_SKIP","K","saut_univers","K4X","questionnaire","hypothese_apurement","documente_questionnaire","export_excel_diagnostic",0,"","interne","OK","",FALSE
"Q_K_K5_DOMAIN_K5__1","K","domaine_multiselect","K5","questionnaire","hypothese_apurement","documente_questionnaire","export_excel_diagnostic",0,"","interne","OK","",FALSE
"Q_K_K5_DOMAIN_K5__2","K","domaine_multiselect","K5","questionnaire","hypothese_apurement","documente_questionnaire","export_excel_diagnostic",0,"","interne","OK","",FALSE
"Q_K_K5_DOMAIN_K5__3","K","domaine_multiselect","K5","questionnaire","hypothese_apurement","documente_questionnaire","export_excel_diagnostic",0,"","interne","OK","",FALSE
"Q_K_K5_DOMAIN_K5__4","K","domaine_multiselect","K5","questionnaire","hypothese_apurement","documente_questionnaire","export_excel_diagnostic",0,"","interne","OK","",FALSE
"Q_K_K5_DOMAIN_K5__5","K","domaine_multiselect","K5","questionnaire","hypothese_apurement","documente_questionnaire","export_excel_diagnostic",0,"","interne","OK","",FALSE
"Q_K_K5_DOMAIN_K5__6","K","domaine_multiselect","K5","questionnaire","hypothese_apurement","documente_questionnaire","export_excel_diagnostic",0,"","interne","OK","",FALSE
"Q_K_K5_DOMAIN_K5__7","K","domaine_multiselect","K5","questionnaire","hypothese_apurement","documente_questionnaire","export_excel_diagnostic",0,"","interne","OK","",FALSE
"Q_K_K5_DOMAIN_K5__9","K","domaine_multiselect","K5","questionnaire","hypothese_apurement","documente_questionnaire","export_excel_diagnostic",0,"","interne","OK","",FALSE
"Q_K_K5_MISSING","K","manquant_univers_multiselect","K5","questionnaire","hypothese_apurement","documente_questionnaire","export_excel_diagnostic",0,"","interne","OK","",FALSE
"Q_K_K5_SKIP","K","saut_univers_multiselect","K5","questionnaire","hypothese_apurement","documente_questionnaire","export_excel_diagnostic",0,"","interne","OK","",FALSE
"Q_K_K5X_MISSING","K","manquant_univers","K5X","questionnaire","hypothese_apurement","documente_questionnaire","export_excel_diagnostic",0,"","interne","OK","",FALSE
"Q_K_K5X_SKIP","K","saut_univers","K5X","questionnaire","hypothese_apurement","documente_questionnaire","export_excel_diagnostic",0,"","interne","OK","",FALSE
"Q_K_K6_DOMAIN","K","domaine","K6","questionnaire","hypothese_apurement","documente_questionnaire","export_excel_diagnostic",0,"","interne","OK","",FALSE
"Q_K_K6_MISSING","K","manquant_univers","K6","questionnaire","hypothese_apurement","documente_questionnaire","export_excel_diagnostic",0,"","interne","OK","",FALSE
"Q_K_K6_SKIP","K","saut_univers","K6","questionnaire","hypothese_apurement","documente_questionnaire","export_excel_diagnostic",0,"","interne","OK","",FALSE
"Q_K_K7_DOMAIN","K","domaine","K7","questionnaire","hypothese_apurement","documente_questionnaire","export_excel_diagnostic",0,"","interne","OK","",FALSE
"Q_K_K7_MISSING","K","manquant_univers","K7","questionnaire","hypothese_apurement","documente_questionnaire","export_excel_diagnostic",0,"","interne","OK","",FALSE
"Q_K_K7_SKIP","K","saut_univers","K7","questionnaire","hypothese_apurement","documente_questionnaire","export_excel_diagnostic",0,"","interne","OK","",FALSE
"Q_L_HHL_debut_MISSING","L","manquant_univers","HHL_debut","questionnaire","hypothese_apurement","documente_questionnaire","export_excel_diagnostic",0,"","interne","OK","",FALSE
"Q_L_HHL_debut_SKIP","L","saut_univers","HHL_debut","questionnaire","hypothese_apurement","documente_questionnaire","export_excel_diagnostic",0,"","interne","OK","",FALSE
"Q_L_HHL_fin_MISSING","L","manquant_univers","HHL_fin","questionnaire","hypothese_apurement","documente_questionnaire","export_excel_diagnostic",0,"","interne","OK","",FALSE
"Q_L_HHL_fin_SKIP","L","saut_univers","HHL_fin","questionnaire","hypothese_apurement","documente_questionnaire","export_excel_diagnostic",0,"","interne","OK","",FALSE
"Q_L_L1_DOMAIN","L","domaine","L1","questionnaire","hypothese_apurement","documente_questionnaire","export_excel_diagnostic",0,"","interne","OK","",FALSE
"Q_L_L1_MISSING","L","manquant_univers","L1","questionnaire","hypothese_apurement","documente_questionnaire","export_excel_diagnostic",0,"","interne","OK","",FALSE
"Q_L_L1_SKIP","L","saut_univers","L1","questionnaire","hypothese_apurement","documente_questionnaire","export_excel_diagnostic",0,"","interne","OK","",FALSE
"Q_L_L2_DOMAIN","L","domaine","L2","questionnaire","hypothese_apurement","documente_questionnaire","export_excel_diagnostic",0,"","interne","OK","",FALSE
"Q_L_L2_MISSING","L","manquant_univers","L2","questionnaire","hypothese_apurement","documente_questionnaire","export_excel_diagnostic",0,"","interne","OK","",FALSE
"Q_L_L2_SKIP","L","saut_univers","L2","questionnaire","hypothese_apurement","documente_questionnaire","export_excel_diagnostic",0,"","interne","OK","",FALSE
"Q_L_L3_DOMAIN","L","domaine","L3","questionnaire","hypothese_apurement","documente_questionnaire","export_excel_diagnostic",0,"","interne","OK","",FALSE
"Q_L_L3_MISSING","L","manquant_univers","L3","questionnaire","hypothese_apurement","documente_questionnaire","export_excel_diagnostic",0,"","interne","OK","",FALSE
"Q_L_L3_SKIP","L","saut_univers","L3","questionnaire","hypothese_apurement","documente_questionnaire","export_excel_diagnostic",0,"","interne","OK","",FALSE
"Q_L_L4_MISSING","L","manquant_univers","L4","questionnaire","hypothese_apurement","documente_questionnaire","export_excel_diagnostic",0,"","interne","OK","",FALSE
"Q_L_L4_SKIP","L","saut_univers","L4","questionnaire","hypothese_apurement","documente_questionnaire","export_excel_diagnostic",0,"","interne","OK","",FALSE
"Q_L_L4_SPECIAL","L","code_special_autorise","L4","questionnaire","hypothese_apurement","documente_questionnaire_action_a_valider","export_excel_diagnostic",104,"document/13_L/Q_L_L4_SPECIAL.xlsx","interne","OK","",FALSE
"Q_L_L5_DOMAIN","L","domaine","L5","questionnaire","hypothese_apurement","documente_questionnaire","export_excel_diagnostic",0,"","interne","OK","",FALSE
"Q_L_L5_MISSING","L","manquant_univers","L5","questionnaire","hypothese_apurement","documente_questionnaire","export_excel_diagnostic",0,"","interne","OK","",FALSE
"Q_L_L5_SKIP","L","saut_univers","L5","questionnaire","hypothese_apurement","documente_questionnaire","export_excel_diagnostic",0,"","interne","OK","",FALSE
"Q_L_L5X_MISSING","L","manquant_univers","L5X","questionnaire","hypothese_apurement","documente_questionnaire","export_excel_diagnostic",0,"","interne","OK","",FALSE
"Q_L_L5X_SKIP","L","saut_univers","L5X","questionnaire","hypothese_apurement","documente_questionnaire","export_excel_diagnostic",0,"","interne","OK","",FALSE
"Q_L_L6_DOMAIN","L","domaine","L6","questionnaire","hypothese_apurement","documente_questionnaire","export_excel_diagnostic",0,"","interne","OK","",FALSE
"Q_L_L6_MISSING","L","manquant_univers","L6","questionnaire","hypothese_apurement","documente_questionnaire","export_excel_diagnostic",0,"","interne","OK","",FALSE
"Q_L_L6_SKIP","L","saut_univers","L6","questionnaire","hypothese_apurement","documente_questionnaire","export_excel_diagnostic",0,"","interne","OK","",FALSE
"Q_L_L7_DOMAIN","L","domaine","L7","questionnaire","hypothese_apurement","documente_questionnaire","export_excel_diagnostic",0,"","interne","OK","",FALSE
"Q_L_L7_MISSING","L","manquant_univers","L7","questionnaire","hypothese_apurement","documente_questionnaire","export_excel_diagnostic",0,"","interne","OK","",FALSE
"Q_L_L7_SKIP","L","saut_univers","L7","questionnaire","hypothese_apurement","documente_questionnaire","export_excel_diagnostic",0,"","interne","OK","",FALSE
"Q_L_L7X_MISSING","L","manquant_univers","L7X","questionnaire","hypothese_apurement","documente_questionnaire","export_excel_diagnostic",0,"","interne","OK","",FALSE
"Q_L_L7X_SKIP","L","saut_univers","L7X","questionnaire","hypothese_apurement","documente_questionnaire","export_excel_diagnostic",0,"","interne","OK","",FALSE
"Q_L_L8_MISSING","L","manquant_univers","L8","questionnaire","hypothese_apurement","documente_questionnaire","export_excel_diagnostic",0,"","interne","OK","",FALSE
"Q_L_L8_SKIP","L","saut_univers","L8","questionnaire","hypothese_apurement","documente_questionnaire","export_excel_diagnostic",0,"","interne","OK","",FALSE
"Q_L_L8_SPECIAL","L","code_special_autorise","L8","questionnaire","hypothese_apurement","documente_questionnaire_action_a_valider","export_excel_diagnostic",0,"","interne","OK","",FALSE
"Q_L_L9_DOMAIN","L","domaine","L9","questionnaire","hypothese_apurement","documente_questionnaire","export_excel_diagnostic",0,"","interne","OK","",FALSE
"Q_L_L9_MISSING","L","manquant_univers","L9","questionnaire","hypothese_apurement","documente_questionnaire","export_excel_diagnostic",0,"","interne","OK","",FALSE
"Q_L_L9_SKIP","L","saut_univers","L9","questionnaire","hypothese_apurement","documente_questionnaire","export_excel_diagnostic",0,"","interne","OK","",FALSE
"Q_M_HHM_debut_MISSING","M","manquant_univers","HHM_debut","questionnaire","hypothese_apurement","documente_questionnaire","export_excel_diagnostic",0,"","interne","OK","",FALSE
"Q_M_HHM_debut_SKIP","M","saut_univers","HHM_debut","questionnaire","hypothese_apurement","documente_questionnaire","export_excel_diagnostic",0,"","interne","OK","",FALSE
"Q_M_HHM_fin_MISSING","M","manquant_univers","HHM_fin","questionnaire","hypothese_apurement","documente_questionnaire","export_excel_diagnostic",0,"","interne","OK","",FALSE
"Q_M_HHM_fin_SKIP","M","saut_univers","HHM_fin","questionnaire","hypothese_apurement","documente_questionnaire","export_excel_diagnostic",0,"","interne","OK","",FALSE
"Q_M_M1_DOMAIN","M","domaine","M1","questionnaire","hypothese_apurement","documente_questionnaire","export_excel_diagnostic",0,"","interne","OK","",FALSE
"Q_M_M1_MISSING","M","manquant_univers","M1","questionnaire","hypothese_apurement","documente_questionnaire","export_excel_diagnostic",1,"document/14_M/Q_M_M1_MISSING.xlsx","interne","OK","",FALSE
"Q_M_M1_SKIP","M","saut_univers","M1","questionnaire","hypothese_apurement","documente_questionnaire","export_excel_diagnostic",0,"","interne","OK","",FALSE
"Q_M_M2_DOMAIN","M","domaine","M2","questionnaire","hypothese_apurement","documente_questionnaire","export_excel_diagnostic",0,"","interne","OK","",FALSE
"Q_M_M2_MISSING","M","manquant_univers","M2","questionnaire","hypothese_apurement","documente_questionnaire","export_excel_diagnostic",1,"document/14_M/Q_M_M2_MISSING.xlsx","interne","OK","",FALSE
"Q_M_M2_SKIP","M","saut_univers","M2","questionnaire","hypothese_apurement","documente_questionnaire","export_excel_diagnostic",0,"","interne","OK","",FALSE
"Q_M_M3_DOMAIN","M","domaine","M3","questionnaire","hypothese_apurement","documente_questionnaire","export_excel_diagnostic",0,"","interne","OK","",FALSE
"Q_M_M3_MISSING","M","manquant_univers","M3","questionnaire","hypothese_apurement","documente_questionnaire","export_excel_diagnostic",1,"document/14_M/Q_M_M3_MISSING.xlsx","interne","OK","",FALSE
"Q_M_M3_SKIP","M","saut_univers","M3","questionnaire","hypothese_apurement","documente_questionnaire","export_excel_diagnostic",0,"","interne","OK","",FALSE
"Q_M_M4_DOMAIN","M","domaine","M4","questionnaire","hypothese_apurement","documente_questionnaire","export_excel_diagnostic",0,"","interne","OK","",FALSE
"Q_M_M4_MISSING","M","manquant_univers","M4","questionnaire","hypothese_apurement","documente_questionnaire","export_excel_diagnostic",1,"document/14_M/Q_M_M4_MISSING.xlsx","interne","OK","",FALSE
"Q_M_M4_SKIP","M","saut_univers","M4","questionnaire","hypothese_apurement","documente_questionnaire","export_excel_diagnostic",0,"","interne","OK","",FALSE
"Q_N_HHN_debut_MISSING","N","manquant_univers","HHN_debut","questionnaire","hypothese_apurement","documente_questionnaire","export_excel_diagnostic",1,"document/15_N/Q_N_HHN_debut_MISSING.xlsx","interne","OK","",FALSE
"Q_N_HHN_debut_SKIP","N","saut_univers","HHN_debut","questionnaire","hypothese_apurement","documente_questionnaire","export_excel_diagnostic",0,"","interne","OK","",FALSE
"Q_N_HHN_fin_MISSING","N","manquant_univers","HHN_fin","questionnaire","hypothese_apurement","documente_questionnaire","export_excel_diagnostic",1,"document/15_N/Q_N_HHN_fin_MISSING.xlsx","interne","OK","",FALSE
"Q_N_HHN_fin_SKIP","N","saut_univers","HHN_fin","questionnaire","hypothese_apurement","documente_questionnaire","export_excel_diagnostic",0,"","interne","OK","",FALSE
"Q_N_N1_DOMAIN","N","domaine","N1","questionnaire","hypothese_apurement","documente_questionnaire","export_excel_diagnostic",0,"","interne","OK","",FALSE
"Q_N_N1_MISSING","N","manquant_univers","N1","questionnaire","hypothese_apurement","documente_questionnaire","export_excel_diagnostic",1,"document/15_N/Q_N_N1_MISSING.xlsx","interne","OK","",FALSE
"Q_N_N1_SKIP","N","saut_univers","N1","questionnaire","hypothese_apurement","documente_questionnaire","export_excel_diagnostic",0,"","interne","OK","",FALSE
"Q_N_N2_DOMAIN","N","domaine","N2","questionnaire","hypothese_apurement","documente_questionnaire","export_excel_diagnostic",0,"","interne","OK","",FALSE
"Q_N_N2_MISSING","N","manquant_univers","N2","questionnaire","hypothese_apurement","documente_questionnaire","export_excel_diagnostic",0,"","interne","OK","",FALSE
"Q_N_N2_SKIP","N","saut_univers","N2","questionnaire","hypothese_apurement","documente_questionnaire","export_excel_diagnostic",0,"","interne","OK","",FALSE
"Q_N_N2X_MISSING","N","manquant_univers","N2X","questionnaire","hypothese_apurement","documente_questionnaire","export_excel_diagnostic",0,"","interne","OK","",FALSE
"Q_N_N2X_SKIP","N","saut_univers","N2X","questionnaire","hypothese_apurement","documente_questionnaire","export_excel_diagnostic",0,"","interne","OK","",FALSE
"Q_N_N3_DOMAIN","N","domaine","N3","questionnaire","hypothese_apurement","documente_questionnaire","export_excel_diagnostic",0,"","interne","OK","",FALSE
"Q_N_N3_MISSING","N","manquant_univers","N3","questionnaire","hypothese_apurement","documente_questionnaire","export_excel_diagnostic",0,"","interne","OK","",FALSE
"Q_N_N3_SKIP","N","saut_univers","N3","questionnaire","hypothese_apurement","documente_questionnaire","export_excel_diagnostic",0,"","interne","OK","",FALSE
"Q_N_N4_DOMAIN","N","domaine","N4","questionnaire","hypothese_apurement","documente_questionnaire","export_excel_diagnostic",0,"","interne","OK","",FALSE
"Q_N_N4_MISSING","N","manquant_univers","N4","questionnaire","hypothese_apurement","documente_questionnaire","export_excel_diagnostic",0,"","interne","OK","",FALSE
"Q_N_N4_SKIP","N","saut_univers","N4","questionnaire","hypothese_apurement","documente_questionnaire","export_excel_diagnostic",0,"","interne","OK","",FALSE
"Q_N_N4X_MISSING","N","manquant_univers","N4X","questionnaire","hypothese_apurement","documente_questionnaire","export_excel_diagnostic",0,"","interne","OK","",FALSE
"Q_N_N4X_SKIP","N","saut_univers","N4X","questionnaire","hypothese_apurement","documente_questionnaire","export_excel_diagnostic",0,"","interne","OK","",FALSE
"Q_N_N5_DOMAIN","N","domaine","N5","questionnaire","hypothese_apurement","documente_questionnaire","export_excel_diagnostic",0,"","interne","OK","",FALSE
"Q_N_N5_MISSING","N","manquant_univers","N5","questionnaire","hypothese_apurement","documente_questionnaire","export_excel_diagnostic",0,"","interne","OK","",FALSE
"Q_N_N5_SKIP","N","saut_univers","N5","questionnaire","hypothese_apurement","documente_questionnaire","export_excel_diagnostic",0,"","interne","OK","",FALSE
"Q_N_N6_DOMAIN","N","domaine","N6","questionnaire","hypothese_apurement","documente_questionnaire","export_excel_diagnostic",0,"","interne","OK","",FALSE
"Q_N_N6_MISSING","N","manquant_univers","N6","questionnaire","hypothese_apurement","documente_questionnaire","export_excel_diagnostic",2,"document/15_N/Q_N_N6_MISSING.xlsx","interne","OK","",FALSE
"Q_N_N6_SKIP","N","saut_univers","N6","questionnaire","hypothese_apurement","documente_questionnaire","export_excel_diagnostic",0,"","interne","OK","",FALSE
"Q_N_N7_DOMAIN","N","domaine","N7","questionnaire","hypothese_apurement","documente_questionnaire","export_excel_diagnostic",0,"","interne","OK","",FALSE
"Q_N_N7_MISSING","N","manquant_univers","N7","questionnaire","hypothese_apurement","documente_questionnaire","export_excel_diagnostic",2,"document/15_N/Q_N_N7_MISSING.xlsx","interne","OK","",FALSE
"Q_N_N7_SKIP","N","saut_univers","N7","questionnaire","hypothese_apurement","documente_questionnaire","export_excel_diagnostic",0,"","interne","OK","",FALSE
"Q_O_HHO_debut_MISSING","O","manquant_univers","HHO_debut","questionnaire","hypothese_apurement","documente_questionnaire","export_excel_diagnostic",1,"document/16_O/Q_O_HHO_debut_MISSING.xlsx","interne","OK","",FALSE
"Q_O_HHO_debut_SKIP","O","saut_univers","HHO_debut","questionnaire","hypothese_apurement","documente_questionnaire","export_excel_diagnostic",0,"","interne","OK","",FALSE
"Q_O_HHO_fin_MISSING","O","manquant_univers","HHO_fin","questionnaire","hypothese_apurement","documente_questionnaire","export_excel_diagnostic",1,"document/16_O/Q_O_HHO_fin_MISSING.xlsx","interne","OK","",FALSE
"Q_O_HHO_fin_SKIP","O","saut_univers","HHO_fin","questionnaire","hypothese_apurement","documente_questionnaire","export_excel_diagnostic",0,"","interne","OK","",FALSE
"Q_O_O1_DOMAIN","O","domaine","O1","questionnaire","hypothese_apurement","documente_questionnaire","export_excel_diagnostic",0,"","interne","OK","",FALSE
"Q_O_O1_MISSING","O","manquant_univers","O1","questionnaire","hypothese_apurement","documente_questionnaire","export_excel_diagnostic",0,"","interne","OK","",FALSE
"Q_O_O1_SKIP","O","saut_univers","O1","questionnaire","hypothese_apurement","documente_questionnaire","export_excel_diagnostic",0,"","interne","OK","",FALSE
"Q_O_O2_MISSING","O","manquant_univers","O2","questionnaire","hypothese_apurement","documente_questionnaire","export_excel_diagnostic",0,"","interne","OK","",FALSE
"Q_O_O2_SKIP","O","saut_univers","O2","questionnaire","hypothese_apurement","documente_questionnaire","export_excel_diagnostic",0,"","interne","OK","",FALSE
"Q_O_O3_DOMAIN","O","domaine","O3","questionnaire","hypothese_apurement","documente_questionnaire","export_excel_diagnostic",0,"","interne","OK","",FALSE
"Q_O_O3_MISSING","O","manquant_univers","O3","questionnaire","hypothese_apurement","documente_questionnaire","export_excel_diagnostic",1,"document/16_O/Q_O_O3_MISSING.xlsx","interne","OK","",FALSE
"Q_O_O3_SKIP","O","saut_univers","O3","questionnaire","hypothese_apurement","documente_questionnaire","export_excel_diagnostic",0,"","interne","OK","",FALSE
"Q_O_O4_MISSING","O","manquant_univers","O4","questionnaire","hypothese_apurement","documente_questionnaire","export_excel_diagnostic",0,"","interne","OK","",FALSE
"Q_O_O4_SKIP","O","saut_univers","O4","questionnaire","hypothese_apurement","documente_questionnaire","export_excel_diagnostic",0,"","interne","OK","",FALSE
"Q_O_O5_DOMAIN","O","domaine","O5","questionnaire","hypothese_apurement","documente_questionnaire","export_excel_diagnostic",0,"","interne","OK","",FALSE
"Q_O_O5_MISSING","O","manquant_univers","O5","questionnaire","hypothese_apurement","documente_questionnaire","export_excel_diagnostic",0,"","interne","OK","",FALSE
"Q_O_O5_SKIP","O","saut_univers","O5","questionnaire","hypothese_apurement","documente_questionnaire","export_excel_diagnostic",0,"","interne","OK","",FALSE
"Q_O_O6_DOMAIN","O","domaine","O6","questionnaire","hypothese_apurement","documente_questionnaire","export_excel_diagnostic",0,"","interne","OK","",FALSE
"Q_O_O6_MISSING","O","manquant_univers","O6","questionnaire","hypothese_apurement","documente_questionnaire","export_excel_diagnostic",0,"","interne","OK","",FALSE
"Q_O_O6_SKIP","O","saut_univers","O6","questionnaire","hypothese_apurement","documente_questionnaire","export_excel_diagnostic",0,"","interne","OK","",FALSE
"Q_P_HHP_debut_MISSING","P","manquant_univers","HHP_debut","questionnaire","hypothese_apurement","documente_questionnaire","export_excel_diagnostic",0,"","interne","OK","",FALSE
"Q_P_HHP_debut_SKIP","P","saut_univers","HHP_debut","questionnaire","hypothese_apurement","documente_questionnaire","export_excel_diagnostic",0,"","interne","OK","",FALSE
"Q_P_HHP_fin_MISSING","P","manquant_univers","HHP_fin","questionnaire","hypothese_apurement","documente_questionnaire","export_excel_diagnostic",0,"","interne","OK","",FALSE
"Q_P_HHP_fin_SKIP","P","saut_univers","HHP_fin","questionnaire","hypothese_apurement","documente_questionnaire","export_excel_diagnostic",0,"","interne","OK","",FALSE
"Q_P_P1_MISSING","P","manquant_univers","P1","questionnaire","hypothese_apurement","documente_questionnaire","export_excel_diagnostic",0,"","interne","OK","",FALSE
"Q_P_P1_SKIP","P","saut_univers","P1","questionnaire","hypothese_apurement","documente_questionnaire","export_excel_diagnostic",0,"","interne","OK","",FALSE
"Q_P_P2_DOMAIN","P","domaine","P2","questionnaire","hypothese_apurement","documente_questionnaire","export_excel_diagnostic",0,"","interne","OK","",FALSE
"Q_P_P2_MISSING","P","manquant_univers","P2","questionnaire","hypothese_apurement","documente_questionnaire","export_excel_diagnostic",0,"","interne","OK","",FALSE
"Q_P_P2_SKIP","P","saut_univers","P2","questionnaire","hypothese_apurement","documente_questionnaire","export_excel_diagnostic",0,"","interne","OK","",FALSE
"Q_P_P3_MISSING","P","manquant_univers","P3","questionnaire","hypothese_apurement","documente_questionnaire","export_excel_diagnostic",0,"","interne","OK","",FALSE
"Q_P_P3_SKIP","P","saut_univers","P3","questionnaire","hypothese_apurement","documente_questionnaire","export_excel_diagnostic",0,"","interne","OK","",FALSE
"Q_P_P4_DOMAIN","P","domaine","P4","questionnaire","hypothese_apurement","documente_questionnaire","export_excel_diagnostic",0,"","interne","OK","",FALSE
"Q_P_P4_MISSING","P","manquant_univers","P4","questionnaire","hypothese_apurement","documente_questionnaire","export_excel_diagnostic",0,"","interne","OK","",FALSE
"Q_P_P4_SKIP","P","saut_univers","P4","questionnaire","hypothese_apurement","documente_questionnaire","export_excel_diagnostic",0,"","interne","OK","",FALSE
"Q_P_P44X_MISSING","P","manquant_univers","P44X","questionnaire","hypothese_apurement","documente_questionnaire","export_excel_diagnostic",0,"","interne","OK","",FALSE
"Q_P_P44X_SKIP","P","saut_univers","P44X","questionnaire","hypothese_apurement","documente_questionnaire","export_excel_diagnostic",0,"","interne","OK","",FALSE
"Q_P_P5_MISSING","P","manquant_univers","P5","questionnaire","hypothese_apurement","documente_questionnaire","export_excel_diagnostic",0,"","interne","OK","",FALSE
"Q_P_P5_SKIP","P","saut_univers","P5","questionnaire","hypothese_apurement","documente_questionnaire","export_excel_diagnostic",0,"","interne","OK","",FALSE
"Q_Q_HHQ_debut_MISSING","Q","manquant_univers","HHQ_debut","questionnaire","hypothese_apurement","documente_questionnaire","export_excel_diagnostic",0,"","interne","OK","",FALSE
"Q_Q_HHQ_debut_SKIP","Q","saut_univers","HHQ_debut","questionnaire","hypothese_apurement","documente_questionnaire","export_excel_diagnostic",0,"","interne","OK","",FALSE
"Q_Q_HHQ_fin_MISSING","Q","manquant_univers","HHQ_fin","questionnaire","hypothese_apurement","documente_questionnaire","export_excel_diagnostic",0,"","interne","OK","",FALSE
"Q_Q_HHQ_fin_SKIP","Q","saut_univers","HHQ_fin","questionnaire","hypothese_apurement","documente_questionnaire","export_excel_diagnostic",0,"","interne","OK","",FALSE
"Q_Q_Q1_DOMAIN","Q","domaine","Q1","questionnaire","hypothese_apurement","documente_questionnaire","export_excel_diagnostic",0,"","interne","OK","",FALSE
"Q_Q_Q1_MISSING","Q","manquant_univers","Q1","questionnaire","hypothese_apurement","documente_questionnaire","export_excel_diagnostic",0,"","interne","OK","",FALSE
"Q_Q_Q1_SKIP","Q","saut_univers","Q1","questionnaire","hypothese_apurement","documente_questionnaire","export_excel_diagnostic",0,"","interne","OK","",FALSE
"Q_Q_Q10_DOMAIN","Q","domaine","Q10","questionnaire","hypothese_apurement","documente_questionnaire","export_excel_diagnostic",0,"","interne","OK","",FALSE
"Q_Q_Q10_MISSING","Q","manquant_univers","Q10","questionnaire","hypothese_apurement","documente_questionnaire","export_excel_diagnostic",0,"","interne","OK","",FALSE
"Q_Q_Q10_SKIP","Q","saut_univers","Q10","questionnaire","hypothese_apurement","documente_questionnaire","export_excel_diagnostic",0,"","interne","OK","",FALSE
"Q_Q_Q2_MISSING","Q","manquant_univers","Q2","questionnaire","hypothese_apurement","documente_questionnaire","export_excel_diagnostic",0,"","interne","OK","",FALSE
"Q_Q_Q2_SKIP","Q","saut_univers","Q2","questionnaire","hypothese_apurement","documente_questionnaire","export_excel_diagnostic",0,"","interne","OK","",FALSE
"Q_Q_Q3_DOMAIN","Q","domaine","Q3","questionnaire","hypothese_apurement","documente_questionnaire","export_excel_diagnostic",0,"","interne","OK","",FALSE
"Q_Q_Q3_MISSING","Q","manquant_univers","Q3","questionnaire","hypothese_apurement","documente_questionnaire","export_excel_diagnostic",0,"","interne","OK","",FALSE
"Q_Q_Q3_SKIP","Q","saut_univers","Q3","questionnaire","hypothese_apurement","documente_questionnaire","export_excel_diagnostic",0,"","interne","OK","",FALSE
"Q_Q_Q4_DOMAIN","Q","domaine","Q4","questionnaire","hypothese_apurement","documente_questionnaire","export_excel_diagnostic",0,"","interne","OK","",FALSE
"Q_Q_Q4_MISSING","Q","manquant_univers","Q4","questionnaire","hypothese_apurement","documente_questionnaire","export_excel_diagnostic",0,"","interne","OK","",FALSE
"Q_Q_Q4_SKIP","Q","saut_univers","Q4","questionnaire","hypothese_apurement","documente_questionnaire","export_excel_diagnostic",0,"","interne","OK","",FALSE
"Q_Q_Q5_DOMAIN","Q","domaine","Q5","questionnaire","hypothese_apurement","documente_questionnaire","export_excel_diagnostic",0,"","interne","OK","",FALSE
"Q_Q_Q5_MISSING","Q","manquant_univers","Q5","questionnaire","hypothese_apurement","documente_questionnaire","export_excel_diagnostic",0,"","interne","OK","",FALSE
"Q_Q_Q5_SKIP","Q","saut_univers","Q5","questionnaire","hypothese_apurement","documente_questionnaire","export_excel_diagnostic",0,"","interne","OK","",FALSE
"Q_Q_Q6_DOMAIN","Q","domaine","Q6","questionnaire","hypothese_apurement","documente_questionnaire","export_excel_diagnostic",0,"","interne","OK","",FALSE
"Q_Q_Q6_MISSING","Q","manquant_univers","Q6","questionnaire","hypothese_apurement","documente_questionnaire","export_excel_diagnostic",0,"","interne","OK","",FALSE
"Q_Q_Q6_SKIP","Q","saut_univers","Q6","questionnaire","hypothese_apurement","documente_questionnaire","export_excel_diagnostic",0,"","interne","OK","",FALSE
"Q_Q_Q7_DOMAIN","Q","domaine","Q7","questionnaire","hypothese_apurement","documente_questionnaire","export_excel_diagnostic",0,"","interne","OK","",FALSE
"Q_Q_Q7_MISSING","Q","manquant_univers","Q7","questionnaire","hypothese_apurement","documente_questionnaire","export_excel_diagnostic",0,"","interne","OK","",FALSE
"Q_Q_Q7_SKIP","Q","saut_univers","Q7","questionnaire","hypothese_apurement","documente_questionnaire","export_excel_diagnostic",0,"","interne","OK","",FALSE
"Q_Q_Q8_DOMAIN","Q","domaine","Q8","questionnaire","hypothese_apurement","documente_questionnaire","export_excel_diagnostic",0,"","interne","OK","",FALSE
"Q_Q_Q8_MISSING","Q","manquant_univers","Q8","questionnaire","hypothese_apurement","documente_questionnaire","export_excel_diagnostic",0,"","interne","OK","",FALSE
"Q_Q_Q8_SKIP","Q","saut_univers","Q8","questionnaire","hypothese_apurement","documente_questionnaire","export_excel_diagnostic",0,"","interne","OK","",FALSE
"Q_Q_Q9_DOMAIN","Q","domaine","Q9","questionnaire","hypothese_apurement","documente_questionnaire","export_excel_diagnostic",0,"","interne","OK","",FALSE
"Q_Q_Q9_MISSING","Q","manquant_univers","Q9","questionnaire","hypothese_apurement","documente_questionnaire","export_excel_diagnostic",0,"","interne","OK","",FALSE
"Q_Q_Q9_SKIP","Q","saut_univers","Q9","questionnaire","hypothese_apurement","documente_questionnaire","export_excel_diagnostic",0,"","interne","OK","",FALSE
"Q_R_HHR_debut_MISSING","R","manquant_univers","HHR_debut","questionnaire","hypothese_apurement","documente_questionnaire","export_excel_diagnostic",0,"","interne","OK","",FALSE
"Q_R_HHR_debut_SKIP","R","saut_univers","HHR_debut","questionnaire","hypothese_apurement","documente_questionnaire","export_excel_diagnostic",0,"","interne","OK","",FALSE
"Q_R_HHR_fin_MISSING","R","manquant_univers","HHR_fin","questionnaire","hypothese_apurement","documente_questionnaire","export_excel_diagnostic",0,"","interne","OK","",FALSE
"Q_R_HHR_fin_SKIP","R","saut_univers","HHR_fin","questionnaire","hypothese_apurement","documente_questionnaire","export_excel_diagnostic",0,"","interne","OK","",FALSE
"Q_R_R1_DOMAIN","R","domaine","R1","questionnaire","hypothese_apurement","documente_questionnaire","export_excel_diagnostic",0,"","interne","OK","",FALSE
"Q_R_R1_MISSING","R","manquant_univers","R1","questionnaire","hypothese_apurement","documente_questionnaire","export_excel_diagnostic",0,"","interne","OK","",FALSE
"Q_R_R1_SKIP","R","saut_univers","R1","questionnaire","hypothese_apurement","documente_questionnaire","export_excel_diagnostic",0,"","interne","OK","",FALSE
"Q_R_R1A_PII","R","confidentialite","R1A","questionnaire","hypothese_apurement","restriction_confidentialite","ne_pas_exporter",0,"","interne","NON_EXECUTEE","PII_EXCLUDED",FALSE
"Q_R_R2_DOMAIN","R","domaine","R2","questionnaire","hypothese_apurement","documente_questionnaire","export_excel_diagnostic",0,"","interne","OK","",FALSE
"Q_R_R2_MISSING","R","manquant_univers","R2","questionnaire","hypothese_apurement","documente_questionnaire","export_excel_diagnostic",0,"","interne","OK","",FALSE
"Q_R_R2_SKIP","R","saut_univers","R2","questionnaire","hypothese_apurement","documente_questionnaire","export_excel_diagnostic",0,"","interne","OK","",FALSE
"Q_R_R2A_PII","R","confidentialite","R2A","questionnaire","hypothese_apurement","restriction_confidentialite","ne_pas_exporter",0,"","interne","NON_EXECUTEE","PII_EXCLUDED",FALSE
"Q_R_R3_DOMAIN","R","domaine","R3","questionnaire","hypothese_apurement","documente_questionnaire","export_excel_diagnostic",0,"","interne","OK","",FALSE
"Q_R_R3_MISSING","R","manquant_univers","R3","questionnaire","hypothese_apurement","documente_questionnaire","export_excel_diagnostic",0,"","interne","OK","",FALSE
"Q_R_R3_SKIP","R","saut_univers","R3","questionnaire","hypothese_apurement","documente_questionnaire","export_excel_diagnostic",0,"","interne","OK","",FALSE
"Q_R_R3A_DOMAIN","R","domaine","R3A","questionnaire","hypothese_apurement","documente_questionnaire","export_excel_diagnostic",0,"","interne","OK","",FALSE
"Q_R_R3A_MISSING","R","manquant_univers","R3A","questionnaire","hypothese_apurement","documente_questionnaire","export_excel_diagnostic",0,"","interne","OK","",FALSE
"Q_R_R3A_SKIP","R","saut_univers","R3A","questionnaire","hypothese_apurement","documente_questionnaire","export_excel_diagnostic",0,"","interne","OK","",FALSE
"Q_R_R3B_PII","R","confidentialite","R3B","questionnaire","hypothese_apurement","restriction_confidentialite","ne_pas_exporter",0,"","interne","NON_EXECUTEE","PII_EXCLUDED",FALSE
"Q_R_R4_PII","R","confidentialite","R4","questionnaire","hypothese_apurement","restriction_confidentialite","ne_pas_exporter",0,"","interne","NON_EXECUTEE","PII_EXCLUDED",FALSE
"Q_R_R5_DOMAIN","R","domaine","R5","questionnaire","hypothese_apurement","documente_questionnaire","export_excel_diagnostic",0,"","interne","OK","",FALSE
"Q_R_R5_MISSING","R","manquant_univers","R5","questionnaire","hypothese_apurement","documente_questionnaire","export_excel_diagnostic",0,"","interne","OK","",FALSE
"Q_R_R5_SKIP","R","saut_univers","R5","questionnaire","hypothese_apurement","documente_questionnaire","export_excel_diagnostic",0,"","interne","OK","",FALSE
"Q_R_R6_PII","R","confidentialite","R6","questionnaire","hypothese_apurement","restriction_confidentialite","ne_pas_exporter",0,"","interne","NON_EXECUTEE","PII_EXCLUDED",FALSE
"Q_R_R7_DOMAIN","R","domaine","R7","questionnaire","hypothese_apurement","documente_questionnaire","export_excel_diagnostic",0,"","interne","OK","",FALSE
"Q_R_R7_MISSING","R","manquant_univers","R7","questionnaire","hypothese_apurement","documente_questionnaire","export_excel_diagnostic",2,"document/19_R/Q_R_R7_MISSING.xlsx","interne","OK","",FALSE
"Q_R_R7_SKIP","R","saut_univers","R7","questionnaire","hypothese_apurement","documente_questionnaire","export_excel_diagnostic",0,"","interne","OK","",FALSE
"SYS_CONSENT_NOT_POSITIVE","SYSTEME","integrite","","questionnaire/hypothese_analytique","donnee_systeme_ou_hypothese_apurement","a_valider","exclure_analyse_apres_validation",311,"document/00_systeme_restreint/consentement_non_positif.xlsx","interne_restreint","OK","",FALSE
"SYS_COVER_ID_DUPLICATE","SYSTEME","integrite","","donnee_observee","donnee_systeme_ou_hypothese_apurement","a_valider","revue_manuelle_sans_deduplication",110,"document/00_systeme_restreint/cover_id_duplique.xlsx","interne_restreint","OK","",FALSE
"SYS_INTERVIEW_KEY_DUPLICATE","SYSTEME","integrite","","donnee_systeme","donnee_systeme_ou_hypothese_apurement","a_valider","bloquer_et_revoir",0,"","interne_restreint","OK","",FALSE
"SYS_INTERVIEW_KEY_MISSING","SYSTEME","integrite","","donnee_systeme","donnee_systeme_ou_hypothese_apurement","a_valider","bloquer_et_revoir",0,"","interne_restreint","OK","",FALSE
"SYS_STATUS_NOT_COMPLETED","SYSTEME","integrite","","Survey Solutions/hypothese_analytique","donnee_systeme_ou_hypothese_apurement","a_valider","exclure_analyse_apres_validation",381,"document/00_systeme_restreint/statut_non_complete.xlsx","interne_restreint","OK","",FALSE
